Dấu thời gian,1. Please specify your age: ,2. Please select your gender:,3. Please select your College:,4. Please indicate your current Year of Study:,5. What is your GPA for the last semester?,6.  Are you currently employed (including part-time and internship)?,"7. On average, how many hours a day do you spend on entertainment/leisure/recreational activities? ","8. On average, how many hours do you spend self-studying a day?",9. Which of the following environments best describe your self-study location?,"10. On average, how many hours do you sleep a day?",11. To what extent do you agree with the following statements? [Frequent procrastination can have a negative impact on my long term learning process.],11. To what extent do you agree with the following statements? [I tend to procrastinate when deadlines are still far away.],11. To what extent do you agree with the following statements? [Creating a study plan help me reduce my procrastination],11. To what extent do you agree with the following statements? [I am confident in my ability to start a task early when necessary],11. To what extent do you agree with the following statements? [Starting a task early makes me feel uncomfortable and difficult to maintain over time.],"11. To what extent do you agree with the following statements? [To ensure data quality, please select the third option from the left.]",11. To what extent do you agree with the following statements? [Procrastination provide a sense of comfort or convenience.],11. To what extent do you agree with the following statements? [My peers consider procrastination to be quite normal.],11. To what extent do you agree with the following statements? [I have complete control over my procrastination habit.],11. To what extent do you agree with the following statements? [I plan to begin my tasks sooner starting next month.],11. To what extent do you agree with the following statements? [I often delay working on assignments until close to the deadline.],12. How often are you able to maintain a high level of focus throughout your self-study period? ,13. How often do you delay working on assignments for courses that you find uninteresting or unenjoyable? ,Who referred you to this survey?,What is your major,What is your major,4. Please indicate your current Year of Study:,5. What is your GPA for the last semester?,6.  Are you currently employed (including part-time and internship)?,"7. On average, how many hours a day do you spend on entertainment/leisure/recreational activities? ","8. On average, how many hours do you spend self-studying a day?",9. Which of the following environments best describe your self-study location?,"10. On average, how many hours do you sleep a day?",11. To what extent do you agree with the following statements? [Frequent procrastination can have a negative impact on my long term learning process.],11. To what extent do you agree with the following statements? [I tend to procrastinate when deadlines are still far away.],11. To what extent do you agree with the following statements? [Creating a study plan help me reduce my procrastination],11. To what extent do you agree with the following statements? [I am confident in my ability to start a task early when necessary],11. To what extent do you agree with the following statements? [Starting a task early makes me feel uncomfortable and difficult to maintain over time.],"11. To what extent do you agree with the following statements? [To ensure data quality, please select the third option from the left.]",11. To what extent do you agree with the following statements? [Procrastination provide a sense of comfort or convenience.],11. To what extent do you agree with the following statements? [My peers consider procrastination to be quite normal.],11. To what extent do you agree with the following statements? [I have complete control over my procrastination habit.],11. To what extent do you agree with the following statements? [I plan to begin my tasks sooner starting next month.],11. To what extent do you agree with the following statements? [I often delay working on assignments until close to the deadline.],12. How often are you able to maintain a high level of focus throughout your self-study period? ,13. How often do you delay working on assignments for courses that you find uninteresting or unenjoyable? ,Who referred you to this survey?
14/05/2026 0:28:00,19,Male,CECS (Engineering & Computer Science),1st Year,3.5 – 4.0,No,2,4,"Private space (i.e. bedroom, home office)",8,Somewhat Agree,Somewhat Agree,Neutral,Agree,Somewhat Agree,Somewhat Disagree,Agree,Somewhat Agree,Somewhat Agree,Neutral,Somewhat Agree,5,4,Nguyễn Cảnh Kỳ,,,,,,,,,,,,,,,,,,,,,,,
14/05/2026 0:30:30,19,Female,CBM (Business and Management),1st Year,3.5 – 4.0,Yes,2,8,"Private space (i.e. bedroom, home office)",7,Strongly Agree,Agree,Strongly Agree,Strongly Agree,Strongly Disagree,Somewhat Disagree,Strongly Disagree,Somewhat Disagree,Neutral,Strongly Agree,Disagree,4,5,Đặng Tuấn Kiệt,,,,,,,,,,,,,,,,,,,,,,,
14/05/2026 0:30:32,19,Male,CECS (Engineering & Computer Science),1st Year,3.0 – 3.49,No,4,3,Open learning space (i.e. university library),6,Somewhat Agree,Agree,Agree,Neutral,Disagree,Somewhat Disagree,Somewhat Disagree,Somewhat Disagree,Neutral,Neutral,Disagree,3,4,Đặng Tuấn Kiệt,,,,,,,,,,,,,,,,,,,,,,,
14/05/2026 0:31:18,18,Male,CECS (Engineering & Computer Science),1st Year,2.5 – 2.99,No,2,5,"Private space (i.e. bedroom, home office)",8,Somewhat Agree,Somewhat Agree,Agree,Somewhat Agree,Somewhat Agree,Somewhat Agree,Somewhat Agree,Neutral,Somewhat Agree,Somewhat Agree,Somewhat Agree,5,5,Nguyễn Trọng Nhân,,,,,,,,,,,,,,,,,,,,,,,
14/05/2026 0:32:25,19,Male,CECS (Engineering & Computer Science),1st Year,3.0 – 3.49,No,5,4,"Private space (i.e. bedroom, home office)",7,Strongly Agree,Agree,Agree,Agree,Neutral,Somewhat Disagree,Strongly Agree,Somewhat Disagree,Neutral,Strongly Disagree,Neutral,5,6,Nguyễn Trọng Nhân,,,,,,,,,,,,,,,,,,,,,,,
14/05/2026 0:33:32,23,Male,CHS (Health Science),1st Year,3.5 – 4.0,No,4,1,"Private space (i.e. bedroom, home office)",5,Agree,Strongly Agree,Somewhat Agree,Somewhat Disagree,Agree,Somewhat Disagree,Agree,Agree,Somewhat Agree,Neutral,Agree,5,6,Bill,,,,,,,,,,,,,,,,,,,,,,,
14/05/2026 0:33:48,20,Male,CBM (Business and Management),2nd Year,3.0 – 3.49,No,2,14,"Private space (i.e. bedroom, home office)",7,Agree,Agree,Agree,Agree,Somewhat Disagree,Somewhat Disagree,Somewhat Agree,Agree,Somewhat Disagree,Somewhat Agree,Somewhat Agree,5,5,Đặng Tuấn Kiệt,,,,,,,,,,,,,,,,,,,,,,,
14/05/2026 0:35:08,19,Male,CBM (Business and Management),1st Year,3.0 – 3.49,No,9,4,"Private space (i.e. bedroom, home office)",6,Agree,Agree,Strongly Agree,Somewhat Agree,Agree,Somewhat Disagree,Somewhat Agree,Agree,Somewhat Disagree,Agree,Agree,3,4,Đặng Tuấn Kiệt,,,,,,,,,,,,,,,,,,,,,,,
14/05/2026 0:36:49,19,Prefer not to say,CHS (Health Science),1st Year,3.0 – 3.49,No,11,2,"Private space (i.e. bedroom, home office)",4,Strongly Agree,Strongly Agree,Strongly Agree,Strongly Agree,Strongly Agree,Strongly Agree,Strongly Agree,Strongly Agree,Strongly Agree,Strongly Agree,Strongly Agree,3,2,Đặng Tuấn Kiệt,,,,,,,,,,,,,,,,,,,,,,,
14/05/2026 0:39:09,19,Female,CECS (Engineering & Computer Science),1st Year,3.5 – 4.0,No,2,5,"Private space (i.e. bedroom, home office)",5,Agree,Somewhat Disagree,Somewhat Agree,Somewhat Agree,Disagree,Somewhat Disagree,Neutral,Agree,Somewhat Disagree,Strongly Disagree,Disagree,5,3,Đặng Tuấn Kiệt,,,,,,,,,,,,,,,,,,,,,,,
14/05/2026 0:48:00,18,Male,CECS (Engineering & Computer Science),1st Year,3.5 – 4.0,No,2,4,"Private space (i.e. bedroom, home office)",7,Strongly Agree,Somewhat Disagree,Somewhat Agree,Somewhat Agree,Agree,Somewhat Disagree,Agree,Neutral,Somewhat Agree,Somewhat Agree,Disagree,6,5,Hỏa Thúy Quỳnh,,,,,,,,,,,,,,,,,,,,,,,
14/05/2026 0:49:48,18,Female,CBM (Business and Management),1st Year,3.5 – 4.0,No,5,5,"Private space (i.e. bedroom, home office)",6,Strongly Agree,Somewhat Agree,Agree,Somewhat Agree,Neutral,Somewhat Disagree,Disagree,Agree,Neutral,Somewhat Disagree,Neutral,5,5,Đặng Tuấn Kiệt,,,,,,,,,,,,,,,,,,,,,,,
14/05/2026 0:50:18,19,Male,CECS (Engineering & Computer Science),1st Year,3.5 – 4.0,No,3,5,"Private space (i.e. bedroom, home office)",7,Agree,Somewhat Disagree,Agree,Agree,Disagree,Somewhat Disagree,Agree,Somewhat Agree,Somewhat Agree,Strongly Agree,Neutral,6,3,Đặng Tuấn Kiệt,,,,,,,,,,,,,,,,,,,,,,,
14/05/2026 0:50:35,19,Female,CECS (Engineering & Computer Science),1st Year,3.5 – 4.0,No,2,6,"Private space (i.e. bedroom, home office)",6,Agree,Agree,Agree,Agree,Neutral,Somewhat Disagree,Neutral,Agree,Somewhat Agree,Agree,Neutral,5,6,Đặng Tuấn Kiệt,,,,,,,,,,,,,,,,,,,,,,,
14/05/2026 0:51:17,18,Female,CBM (Business and Management),1st Year,3.5 – 4.0,Yes,5,5,Collaborative space (i.e. group study room),6,Strongly Agree,Strongly Agree,Strongly Agree,Strongly Agree,Somewhat Agree,Neutral,Neutral,Somewhat Agree,Somewhat Agree,Somewhat Agree,Somewhat Agree,5,5,Đặng Tuấn Kiệt,,,,,,,,,,,,,,,,,,,,,,,
14/05/2026 0:52:35,18,Female,CBM (Business and Management),1st Year,3.5 – 4.0,Yes,6,6,Open learning space (i.e. university library),6,Agree,Somewhat Agree,Strongly Agree,Agree,Disagree,Somewhat Disagree,Neutral,Agree,Neutral,Neutral,Agree,5,6,Đặng Tuấn Kiệt,,,,,,,,,,,,,,,,,,,,,,,
14/05/2026 0:58:51,19,Female,CBM (Business and Management),1st Year,3.0 – 3.49,No,6,4,Open learning space (i.e. university library),6,Strongly Agree,Agree,Agree,Somewhat Disagree,Somewhat Disagree,Somewhat Disagree,Disagree,Neutral,Somewhat Agree,Somewhat Agree,Agree,3,5,Đặng Tuấn Kiệt,,,,,,,,,,,,,,,,,,,,,,,
14/05/2026 1:03:01,19,Female,CBM (Business and Management),1st Year,3.5 – 4.0,No,6,3,"Private space (i.e. bedroom, home office)",7,Strongly Agree,Strongly Agree,Somewhat Agree,Neutral,Strongly Disagree,Somewhat Disagree,Disagree,Neutral,Strongly Disagree,Somewhat Agree,Strongly Agree,5,7,Hỏa Thúy Quỳnh,,,,,,,,,,,,,,,,,,,,,,,
14/05/2026 1:04:28,18,Female,CBM (Business and Management),1st Year,3.5 – 4.0,Yes,4,4,"Private space (i.e. bedroom, home office)",4,Agree,Somewhat Agree,Agree,Agree,Somewhat Agree,Somewhat Disagree,Disagree,Neutral,Somewhat Disagree,Disagree,Disagree,4,5,Hỏa Thúy Quỳnh,,,,,,,,,,,,,,,,,,,,,,,
14/05/2026 1:04:37,18,Male,CECS (Engineering & Computer Science),1st Year,3.5 – 4.0,No,3,6,"Private space (i.e. bedroom, home office)",5,Strongly Agree,Somewhat Agree,Strongly Agree,Agree,Disagree,Somewhat Disagree,Agree,Somewhat Agree,Agree,Agree,Disagree,5,3,"Đặng Tuấn Kiệt, Bùi Duy Linh",,,,,,,,,,,,,,,,,,,,,,,
14/05/2026 1:07:43,18,Female,CBM (Business and Management),1st Year,3.0 – 3.49,No,2,7,"Flexible, could be private place or open learning space",6,Agree,Somewhat Agree,Strongly Agree,Somewhat Agree,Disagree,Somewhat Disagree,Neutral,Somewhat Agree,Disagree,Somewhat Agree,Somewhat Agree,5,6,"Đặng Tuấn Kiệt, Hỏa Thúy Quỳnh",,,,,,,,,,,,,,,,,,,,,,,
14/05/2026 1:12:37,18,Male,CECS (Engineering & Computer Science),1st Year,3.0 – 3.49,Yes,4,4,Collaborative space (i.e. group study room),8,Strongly Agree,Strongly Agree,Somewhat Agree,Neutral,Somewhat Agree,Somewhat Disagree,Agree,Somewhat Disagree,Strongly Disagree,Strongly Disagree,Strongly Agree,5,7,Hỏa Thúy Quỳnh,,,,,,,,,,,,,,,,,,,,,,,
14/05/2026 1:16:11,19,Prefer not to say,CECS (Engineering & Computer Science),2nd Year,2.5 – 2.99,Yes,6,5,"Private space (i.e. bedroom, home office)",6,Agree,Agree,Somewhat Agree,Neutral,Somewhat Disagree,Somewhat Disagree,Neutral,Somewhat Agree,Disagree,Somewhat Disagree,Neutral,3,6,Bill.,,,,,,,,,,,,,,,,,,,,,,,
14/05/2026 1:16:13,19,Male,CECS (Engineering & Computer Science),2nd Year,3.0 – 3.49,No,6,7,"Private space (i.e. bedroom, home office)",5,Neutral,Somewhat Agree,Agree,Somewhat Agree,Neutral,Somewhat Agree,Somewhat Agree,Agree,Neutral,Somewhat Agree,Agree,6,5,Hỏa Thúy Quỳnh,,,,,,,,,,,,,,,,,,,,,,,
14/05/2026 1:26:17,18,Male,CECS (Engineering & Computer Science),1st Year,3.0 – 3.49,No,4,6,"Private space (i.e. bedroom, home office)",7,Strongly Agree,Somewhat Agree,Strongly Agree,Strongly Agree,Strongly Disagree,Somewhat Disagree,Strongly Disagree,Neutral,Agree,Strongly Agree,Strongly Disagree,6,1,"Đặng Tuấn Kiệt, Hỏa Thúy Quỳnh",,,,,,,,,,,,,,,,,,,,,,,
14/05/2026 1:30:23,19,Female,CBM (Business and Management),1st Year,3.5 – 4.0,Yes,9,9,"Private space (i.e. bedroom, home office)",7,Somewhat Disagree,Somewhat Disagree,Somewhat Disagree,Somewhat Disagree,Somewhat Disagree,Somewhat Disagree,Somewhat Disagree,Somewhat Disagree,Somewhat Disagree,Somewhat Disagree,Somewhat Disagree,5,6,Đặng Tuấn Kiệt,,,,,,,,,,,,,,,,,,,,,,,
14/05/2026 1:31:25,18,Female,CBM (Business and Management),1st Year,3.0 – 3.49,No,4,4,"Private space (i.e. bedroom, home office)",5,Strongly Agree,Agree,Strongly Agree,Somewhat Disagree,Somewhat Disagree,Somewhat Disagree,Somewhat Agree,Somewhat Agree,Somewhat Disagree,Strongly Agree,Somewhat Agree,2,6,Hỏa Thúy Quỳnh,,,,,,,,,,,,,,,,,,,,,,,
14/05/2026 1:40:16,18,Male,CECS (Engineering & Computer Science),1st Year,3.0 – 3.49,No,6,4,"Private space (i.e. bedroom, home office)",6,Neutral,Somewhat Agree,Somewhat Disagree,Agree,Neutral,Somewhat Disagree,Somewhat Agree,Somewhat Agree,Neutral,Neutral,Somewhat Agree,4,5,Lê Huy Tâm,,,,,,,,,,,,,,,,,,,,,,,
14/05/2026 1:45:48,18,Female,CBM (Business and Management),1st Year,3.0 – 3.49,Yes,5,5,Collaborative space (i.e. group study room),7,Agree,Neutral,Strongly Agree,Agree,Somewhat Agree,Somewhat Disagree,Somewhat Agree,Neutral,Somewhat Agree,Agree,Somewhat Agree,4,5,Hỏa Thúy Quỳnh,,,,,,,,,,,,,,,,,,,,,,,
14/05/2026 1:48:25,19,Male,CECS (Engineering & Computer Science),1st Year,3.5 – 4.0,No,7,4,Any quiet space,7,Strongly Agree,Somewhat Agree,Agree,Agree,Strongly Agree,Somewhat Disagree,Somewhat Agree,Agree,Disagree,Strongly Disagree,Neutral,5,5,Đặng Tuấn Kiệt,,,,,,,,,,,,,,,,,,,,,,,
14/05/2026 1:52:51,19,Female,CAS (Arts and Sciences),1st Year,3.5 – 4.0,Yes,8,4,Cafes,6,Strongly Agree,Somewhat Disagree,Agree,Agree,Disagree,Somewhat Disagree,Disagree,Somewhat Agree,Somewhat Disagree,Agree,Disagree,6,3,Hỏa Thúy Quỳnh,,,,,,,,,,,,,,,,,,,,,,,
14/05/2026 3:13:25,20,Prefer not to say,CECS (Engineering & Computer Science),3rd Year,2.5 – 2.99,No,6,2,Collaborative space (i.e. group study room),8,Strongly Agree,Somewhat Agree,Somewhat Disagree,Neutral,Disagree,Somewhat Disagree,Strongly Agree,Agree,Disagree,Disagree,Strongly Agree,4,6,Bill,,,,,,,,,,,,,,,,,,,,,,,
14/05/2026 7:38:45,19,Female,CBM (Business and Management),1st Year,3.5 – 4.0,No,5,2,"Private space (i.e. bedroom, home office)",6,Strongly Agree,Agree,Somewhat Agree,Agree,Somewhat Agree,Somewhat Disagree,Somewhat Disagree,Neutral,Somewhat Disagree,Neutral,Somewhat Agree,2,6,Hỏa Thúy Quỳnh,,,,,,,,,,,,,,,,,,,,,,,
14/05/2026 7:50:44,18,Male,CBM (Business and Management),1st Year,3.0 – 3.49,Yes,4,5,"Private space (i.e. bedroom, home office)",7,Strongly Agree,Somewhat Agree,Agree,Agree,Somewhat Disagree,Somewhat Disagree,Disagree,Neutral,Somewhat Agree,Agree,Agree,5,6,Hỏa Thúy Quỳnh,,,,,,,,,,,,,,,,,,,,,,,
14/05/2026 8:09:53,19,Female,CBM (Business and Management),1st Year,3.5 – 4.0,Yes,5,12,Open learning space (i.e. university library),7,Strongly Agree,Strongly Agree,Strongly Agree,Neutral,Somewhat Agree,Somewhat Disagree,Neutral,Somewhat Agree,Somewhat Disagree,Neutral,Somewhat Agree,5,7,Đặng Tuấn Kiệt,,,,,,,,,,,,,,,,,,,,,,,
14/05/2026 8:23:27,19,Male,CECS (Engineering & Computer Science),1st Year,3.5 – 4.0,No,4,3,"Private space (i.e. bedroom, home office)",7,Disagree,Neutral,Strongly Disagree,Strongly Agree,Strongly Disagree,Somewhat Disagree,Somewhat Disagree,Agree,Neutral,Neutral,Strongly Disagree,7,2,Phan Minh Đức,,,,,,,,,,,,,,,,,,,,,,,
14/05/2026 8:30:16,18,Male,CECS (Engineering & Computer Science),1st Year,2.5 – 2.99,No,0.25,10,Open learning space (i.e. university library),7.5,Strongly Agree,Strongly Disagree,Neutral,Neutral,Strongly Disagree,Somewhat Agree,Strongly Disagree,Neutral,Strongly Agree,Strongly Agree,Strongly Disagree,7,4,Phan Minh Đức,,,,,,,,,,,,,,,,,,,,,,,
14/05/2026 8:57:33,18,Female,CECS (Engineering & Computer Science),1st Year,3.0 – 3.49,No,3,2,"Private space (i.e. bedroom, home office)",7,Agree,Strongly Agree,Agree,Neutral,Somewhat Disagree,Somewhat Disagree,Somewhat Agree,Agree,Agree,Neutral,Somewhat Agree,6,6,Nguyễn Hà My,,,,,,,,,,,,,,,,,,,,,,,
14/05/2026 8:59:01,19,Male,CECS (Engineering & Computer Science),1st Year,3.0 – 3.49,No,6,5,Open learning space (i.e. university library),6,Somewhat Agree,Somewhat Agree,Somewhat Agree,Somewhat Agree,Somewhat Agree,Somewhat Agree,Somewhat Agree,Somewhat Agree,Somewhat Agree,Somewhat Agree,Somewhat Agree,5,5,Hỏa Thúy Quỳnh,,,,,,,,,,,,,,,,,,,,,,,
14/05/2026 9:05:36,19,Male,CBM (Business and Management),1st Year,3.0 – 3.49,No,3,4,Cafes,6,Agree,Agree,Neutral,Neutral,Neutral,Somewhat Disagree,Agree,Somewhat Agree,Somewhat Agree,Somewhat Agree,Somewhat Agree,5,7,Đặng Tuấn Kiệt,,,,,,,,,,,,,,,,,,,,,,,
14/05/2026 9:07:28,19,Female,CBM (Business and Management),1st Year,3.5 – 4.0,Yes,4,7,"Private space (i.e. bedroom, home office)",7,Strongly Agree,Strongly Agree,Strongly Agree,Neutral,Somewhat Agree,Somewhat Disagree,Neutral,Agree,Somewhat Disagree,Somewhat Disagree,Somewhat Agree,5,6,Hỏa Thúy Quỳnh,,,,,,,,,,,,,,,,,,,,,,,
14/05/2026 9:12:57,18,Female,CBM (Business and Management),1st Year,3.5 – 4.0,No,8,3,"Private space (i.e. bedroom, home office)",8,Agree,Strongly Agree,Somewhat Disagree,Strongly Disagree,Strongly Agree,Somewhat Disagree,Strongly Agree,Strongly Agree,Strongly Agree,Somewhat Agree,Strongly Agree,5,7,"Đặng Tuấn Kiệt, Lê Huy Tâm",,,,,,,,,,,,,,,,,,,,,,,
14/05/2026 9:14:58,18,Male,CBM (Business and Management),1st Year,3.5 – 4.0,Yes,3,5,Open learning space (i.e. university library),7,Somewhat Agree,Somewhat Disagree,Somewhat Disagree,Agree,Disagree,Somewhat Disagree,Disagree,Neutral,Somewhat Disagree,Somewhat Agree,Disagree,2,3,Hỏa Thúy Quỳnh,,,,,,,,,,,,,,,,,,,,,,,
14/05/2026 9:15:47,19,Prefer not to say,CBM (Business and Management),1st Year,3.0 – 3.49,Yes,2,1.5,"Private space (i.e. bedroom, home office)",6,Agree,Agree,Somewhat Disagree,Somewhat Disagree,Somewhat Agree,Somewhat Disagree,Agree,Agree,Disagree,Neutral,Somewhat Agree,3,6,Hỏa Thúy Quỳnh,,,,,,,,,,,,,,,,,,,,,,,
14/05/2026 9:17:41,18,Male,CECS (Engineering & Computer Science),1st Year,3.5 – 4.0,No,6,3,"Private space (i.e. bedroom, home office)",7,Somewhat Agree,Somewhat Agree,Agree,Agree,Neutral,Somewhat Disagree,Neutral,Somewhat Agree,Neutral,Disagree,Somewhat Disagree,6,4,"Đặng Tuấn Kiệt, Nguyễn Trọng Nhân",,,,,,,,,,,,,,,,,,,,,,,
14/05/2026 9:22:55,19,Female,CECS (Engineering & Computer Science),1st Year,3.0 – 3.49,No,4,5,"Private space (i.e. bedroom, home office)",8,Agree,Somewhat Agree,Agree,Agree,Neutral,Somewhat Disagree,Somewhat Agree,Somewhat Agree,Neutral,Agree,Somewhat Agree,4,6,Bill.,,,,,,,,,,,,,,,,,,,,,,,
14/05/2026 9:27:47,20,Female,CAS (Arts and Sciences),2nd Year,3.0 – 3.49,Yes,5,7,Cafes,5,Strongly Disagree,Strongly Disagree,Disagree,Strongly Disagree,Somewhat Disagree,Somewhat Disagree,Strongly Disagree,Strongly Disagree,Disagree,Strongly Disagree,Disagree,5,5,Đặng Tuấn Kiệt,,,,,,,,,,,,,,,,,,,,,,,
14/05/2026 9:29:38,20,Female,CECS (Engineering & Computer Science),2nd Year,3.0 – 3.49,Yes,6,4,"Private space (i.e. bedroom, home office)",6,Strongly Agree,Agree,Strongly Agree,Strongly Agree,Disagree,Somewhat Disagree,Somewhat Disagree,Strongly Disagree,Neutral,Strongly Agree,Neutral,5,4,Đặng Tuấn Kiệt,,,,,,,,,,,,,,,,,,,,,,,
14/05/2026 9:31:12,20,Male,CBM (Business and Management),3rd Year,3.0 – 3.49,Yes,2,7,"Private space (i.e. bedroom, home office)",5,Somewhat Disagree,Neutral,Somewhat Agree,Somewhat Disagree,Agree,Neutral,Neutral,Neutral,Somewhat Agree,Disagree,Somewhat Disagree,5,4,Đỗ Vĩnh Nhi,,,,,,,,,,,,,,,,,,,,,,,
14/05/2026 9:31:26,18,Male,CECS (Engineering & Computer Science),1st Year,< 2.0,No,2,4,Cafes,5,Somewhat Agree,Somewhat Agree,Agree,Somewhat Agree,Disagree,Somewhat Disagree,Somewhat Agree,Somewhat Disagree,Neutral,Somewhat Agree,Disagree,3,5,Đặng Tuấn Kiệt,,,,,,,,,,,,,,,,,,,,,,,
14/05/2026 9:33:32,19,Male,CECS (Engineering & Computer Science),1st Year,3.5 – 4.0,Yes,5,5,"Private space (i.e. bedroom, home office)",7,Agree,Somewhat Agree,Somewhat Agree,Somewhat Agree,Neutral,Somewhat Disagree,Neutral,Neutral,Somewhat Agree,Somewhat Agree,Somewhat Agree,5,6,Đặng Tuấn Kiệt,,,,,,,,,,,,,,,,,,,,,,,
14/05/2026 9:34:52,18,Male,CECS (Engineering & Computer Science),1st Year,2.5 – 2.99,No,6,3,Open learning space (i.e. university library),6,Strongly Agree,Agree,Somewhat Agree,Neutral,Neutral,Somewhat Agree,Somewhat Disagree,Agree,Neutral,Somewhat Agree,Agree,3,5,Nguyễn Trọng Nhân,,,,,,,,,,,,,,,,,,,,,,,
14/05/2026 9:39:33,21,Female,CBM (Business and Management),4th Year,3.0 – 3.49,Yes,5,2,"Private space (i.e. bedroom, home office)",6,Agree,Strongly Agree,Somewhat Agree,Somewhat Agree,Somewhat Agree,Somewhat Disagree,Somewhat Disagree,Agree,Somewhat Disagree,Somewhat Agree,Neutral,5,6,Hỏa Thúy Quỳnh,,,,,,,,,,,,,,,,,,,,,,,
14/05/2026 9:43:39,19,Female,CAS (Arts and Sciences),2nd Year,3.5 – 4.0,No,3,8,Cafes,6,Disagree,Somewhat Disagree,Neutral,Somewhat Disagree,Disagree,Somewhat Agree,Somewhat Agree,Neutral,Neutral,Somewhat Agree,Neutral,6,3,Đỗ Vĩnh Nhi,,,,,,,,,,,,,,,,,,,,,,,
14/05/2026 9:44:45,18,Male,CECS (Engineering & Computer Science),1st Year,3.0 – 3.49,No,3,10,Collaborative space (i.e. group study room),6,Disagree,Neutral,Neutral,Somewhat Agree,Somewhat Agree,Somewhat Agree,Neutral,Somewhat Disagree,Somewhat Disagree,Agree,Neutral,4,1,Đỗ Vĩnh Nhi,,,,,,,,,,,,,,,,,,,,,,,
14/05/2026 9:49:39,20,Male,CECS (Engineering & Computer Science),2nd Year,3.5 – 4.0,Yes,2,6,Open learning space (i.e. university library),6,Strongly Agree,Strongly Agree,Strongly Agree,Strongly Agree,Strongly Agree,Somewhat Disagree,Strongly Agree,Strongly Disagree,Neutral,Neutral,Somewhat Agree,5,5,Đặng Tuấn Kiệt,,,,,,,,,,,,,,,,,,,,,,,
14/05/2026 9:51:31,18,Female,CBM (Business and Management),1st Year,3.0 – 3.49,Yes,2,1,Cafes,5,Strongly Agree,Agree,Agree,Somewhat Disagree,Disagree,Somewhat Disagree,Disagree,Somewhat Agree,Somewhat Disagree,Agree,Somewhat Agree,4,5,Đặng Tuấn Kiệt,,,,,,,,,,,,,,,,,,,,,,,
14/05/2026 9:51:50,19,Female,CECS (Engineering & Computer Science),1st Year,3.0 – 3.49,Yes,10,8,Dormitory ,6,Somewhat Agree,Agree,Neutral,Somewhat Disagree,Somewhat Agree,Somewhat Disagree,Somewhat Agree,Somewhat Agree,Neutral,Neutral,Strongly Agree,4,6,Đặng Tuấn Kiệt,,,,,,,,,,,,,,,,,,,,,,,
14/05/2026 9:52:30,20,Female,CECS (Engineering & Computer Science),1st Year,3.0 – 3.49,No,3,5,"Private space (i.e. bedroom, home office)",6,Strongly Disagree,Strongly Disagree,Somewhat Disagree,Disagree,Strongly Disagree,Somewhat Disagree,Strongly Disagree,Strongly Disagree,Somewhat Disagree,Somewhat Disagree,Strongly Disagree,4,6,Đặng Tuấn Kiệt,,,,,,,,,,,,,,,,,,,,,,,
14/05/2026 9:52:39,18,Male,CECS (Engineering & Computer Science),1st Year,2.0 – 2.49,Yes,8,2,"Private space (i.e. bedroom, home office)",4,Strongly Agree,Strongly Agree,Disagree,Agree,Agree,Somewhat Disagree,Strongly Agree,Agree,Somewhat Disagree,Strongly Disagree,Strongly Agree,4,7,Đặng Tuấn Kiệt,,,,,,,,,,,,,,,,,,,,,,,
14/05/2026 9:53:40,19,Female,CECS (Engineering & Computer Science),1st Year,3.5 – 4.0,No,4,6,"Private space (i.e. bedroom, home office)",7,Strongly Agree,Somewhat Agree,Neutral,Neutral,Somewhat Agree,Somewhat Disagree,Somewhat Disagree,Somewhat Disagree,Disagree,Neutral,Somewhat Agree,3,6,Đặng Tuấn Kiệt,,,,,,,,,,,,,,,,,,,,,,,
14/05/2026 9:55:27,19,Female,CECS (Engineering & Computer Science),1st Year,2.5 – 2.99,No,4,1,Collaborative space (i.e. group study room),5,Somewhat Agree,Agree,Strongly Agree,Somewhat Agree,Agree,Somewhat Disagree,Somewhat Agree,Somewhat Disagree,Disagree,Disagree,Agree,3,6,Nguyễn Hà My,,,,,,,,,,,,,,,,,,,,,,,
14/05/2026 10:01:30,18,Male,CECS (Engineering & Computer Science),1st Year,3.0 – 3.49,No,3,4,"Private space (i.e. bedroom, home office)",6,Strongly Agree,Strongly Agree,Somewhat Agree,Disagree,Somewhat Agree,Somewhat Disagree,Somewhat Agree,Strongly Agree,Somewhat Disagree,Strongly Agree,Somewhat Agree,5,5,"Đặng Tuấn Kiệt, Hỏa Thúy Quỳnh",,,,,,,,,,,,,,,,,,,,,,,
14/05/2026 10:02:27,18,Female,CBM (Business and Management),1st Year,3.5 – 4.0,No,3,3,"Private space (i.e. bedroom, home office)",9,Somewhat Disagree,Agree,Disagree,Agree,Somewhat Disagree,Somewhat Disagree,Somewhat Agree,Strongly Agree,Somewhat Agree,Disagree,Agree,5,5,Đặng Tuấn Kiệt,,,,,,,,,,,,,,,,,,,,,,,
14/05/2026 10:02:38,18,Male,CECS (Engineering & Computer Science),1st Year,3.5 – 4.0,No,3,8,Open learning space (i.e. university library),6,Strongly Agree,Disagree,Agree,Agree,Disagree,Neutral,Agree,Disagree,Agree,Agree,Disagree,6,5,Đặng Tuấn Kiệt,,,,,,,,,,,,,,,,,,,,,,,
14/05/2026 10:02:50,19,Female,CECS (Engineering & Computer Science),1st Year,3.5 – 4.0,Yes,2,6,"Private space (i.e. bedroom, home office)",5,Strongly Agree,Agree,Strongly Agree,Strongly Agree,Somewhat Disagree,Somewhat Disagree,Disagree,Strongly Disagree,Somewhat Disagree,Somewhat Disagree,Disagree,6,4,Đặng Tuấn Kiệt,,,,,,,,,,,,,,,,,,,,,,,
14/05/2026 10:03:31,18,Male,CECS (Engineering & Computer Science),1st Year,3.5 – 4.0,No,4,5,Open learning space (i.e. university library),4,Agree,Neutral,Strongly Agree,Strongly Agree,Somewhat Disagree,Somewhat Disagree,Strongly Disagree,Somewhat Disagree,Agree,Strongly Agree,Somewhat Disagree,6,3,Đặng Tuấn Kiệt,,,,,,,,,,,,,,,,,,,,,,,
14/05/2026 10:04:41,18,Male,CECS (Engineering & Computer Science),1st Year,3.0 – 3.49,No,9,2,"Private space (i.e. bedroom, home office)",6,Strongly Agree,Agree,Strongly Disagree,Strongly Disagree,Neutral,Somewhat Agree,Agree,Agree,Somewhat Agree,Agree,Somewhat Disagree,4,5,"Đặng Tuấn Kiệt, Lê Huy Tâm, Phan Minh Đức, Nguyễn Trọng Nhân",,,,,,,,,,,,,,,,,,,,,,,
14/05/2026 10:05:26,18,Male,CECS (Engineering & Computer Science),1st Year,3.5 – 4.0,Yes,2,4,"Private space (i.e. bedroom, home office)",8,Strongly Agree,Strongly Agree,Strongly Agree,Strongly Agree,Strongly Agree,Strongly Agree,Strongly Agree,Strongly Agree,Strongly Agree,Strongly Agree,Strongly Agree,3,4,Đặng Tuấn Kiệt,,,,,,,,,,,,,,,,,,,,,,,
14/05/2026 10:17:10,18,Male,CECS (Engineering & Computer Science),1st Year,2.5 – 2.99,No,0.5,10,Open learning space (i.e. university library),7.5,Strongly Agree,Strongly Disagree,Strongly Agree,Neutral,Strongly Disagree,Somewhat Agree,Strongly Disagree,Neutral,Strongly Agree,Strongly Agree,Strongly Disagree,7,3,Đặng Tuấn Kiệt,,,,,,,,,,,,,,,,,,,,,,,
14/05/2026 10:17:14,19,Male,CECS (Engineering & Computer Science),1st Year,3.5 – 4.0,No,4,4,Open learning space (i.e. university library),7,Strongly Agree,Neutral,Strongly Agree,Agree,Neutral,Somewhat Disagree,Strongly Agree,Strongly Agree,Strongly Agree,Agree,Somewhat Disagree,5,6,Đặng Tuấn Kiệt,,,,,,,,,,,,,,,,,,,,,,,
14/05/2026 10:17:48,21,Female,CECS (Engineering & Computer Science),2nd Year,3.0 – 3.49,No,8,3,"Private space (i.e. bedroom, home office)",5,Neutral,Somewhat Agree,Neutral,Somewhat Agree,Disagree,Somewhat Disagree,Somewhat Agree,Somewhat Agree,Somewhat Agree,Somewhat Agree,Neutral,4,5,Bill.,,,,,,,,,,,,,,,,,,,,,,,
14/05/2026 10:19:25,18,Female,CBM (Business and Management),1st Year,3.0 – 3.49,No,4,9,Collaborative space (i.e. group study room),5,Disagree,Somewhat Agree,Neutral,Neutral,Somewhat Disagree,Somewhat Disagree,Neutral,Somewhat Agree,Neutral,Somewhat Agree,Neutral,4,2,Đỗ Vĩnh Nhi,,,,,,,,,,,,,,,,,,,,,,,
14/05/2026 10:20:17,19,Male,CECS (Engineering & Computer Science),2nd Year,3.0 – 3.49,No,2,9,"Private space (i.e. bedroom, home office)",6,Disagree,Somewhat Disagree,Neutral,Somewhat Agree,Somewhat Disagree,Somewhat Disagree,Neutral,Somewhat Agree,Neutral,Neutral,Somewhat Disagree,5,1,Đỗ Vĩnh Nhi,,,,,,,,,,,,,,,,,,,,,,,
14/05/2026 10:20:26,18,Male,CECS (Engineering & Computer Science),1st Year,2.0 – 2.49,No,7,1,"Private space (i.e. bedroom, home office)",5,Neutral,Strongly Agree,Neutral,Somewhat Disagree,Somewhat Disagree,Somewhat Disagree,Strongly Agree,Strongly Agree,Somewhat Disagree,Somewhat Disagree,Strongly Agree,4,6,Đặng Tuấn Kiệt,,,,,,,,,,,,,,,,,,,,,,,
14/05/2026 10:20:46,18,Male,CECS (Engineering & Computer Science),1st Year,3.0 – 3.49,No,3,4,"Private space (i.e. bedroom, home office)",6,Somewhat Disagree,Somewhat Disagree,Somewhat Agree,Somewhat Agree,Somewhat Agree,Neutral,Neutral,Somewhat Disagree,Somewhat Disagree,Neutral,Neutral,4,4,Đặng Tuấn Kiệt,,,,,,,,,,,,,,,,,,,,,,,
14/05/2026 10:25:24,20,Male,CECS (Engineering & Computer Science),2nd Year,3.0 – 3.49,No,5,3,"Private space (i.e. bedroom, home office)",6,Strongly Agree,Strongly Agree,Agree,Neutral,Neutral,Somewhat Disagree,Somewhat Disagree,Somewhat Agree,Disagree,Neutral,Somewhat Agree,4,6,Đặng Tuấn Kiệt,,,,,,,,,,,,,,,,,,,,,,,
14/05/2026 10:26:07,19,Male,CBM (Business and Management),1st Year,3.0 – 3.49,No,3,2,"Private space (i.e. bedroom, home office)",7,Neutral,Neutral,Neutral,Neutral,Neutral,Neutral,Neutral,Neutral,Neutral,Neutral,Neutral,5,2,Đặng Tuấn Kiệt,,,,,,,,,,,,,,,,,,,,,,,
14/05/2026 10:27:52,19,Male,CECS (Engineering & Computer Science),1st Year,3.0 – 3.49,Yes,2,12,Collaborative space (i.e. group study room),6,Agree,Neutral,Strongly Agree,Neutral,Disagree,Somewhat Disagree,Somewhat Agree,Disagree,Neutral,Disagree,Disagree,6,4,"Đặng Tuấn Kiệt, Lê Huy Tâm",,,,,,,,,,,,,,,,,,,,,,,
14/05/2026 10:29:22,19,Female,CAS (Arts and Sciences),2nd Year,3.0 – 3.49,No,2,8,Open learning space (i.e. university library),6,Disagree,Neutral,Neutral,Somewhat Agree,Neutral,Somewhat Disagree,Neutral,Neutral,Somewhat Disagree,Somewhat Agree,Somewhat Disagree,4,5,Đỗ Vĩnh Nhi,,,,,,,,,,,,,,,,,,,,,,,
14/05/2026 10:30:32,20,Male,CHS (Health Science),3rd Year,3.5 – 4.0,Yes,2,7,Cafes,5,Somewhat Disagree,Neutral,Somewhat Agree,Neutral,Somewhat Agree,Somewhat Disagree,Neutral,Neutral,Neutral,Agree,Somewhat Disagree,5,5,Đỗ Vĩnh Nhi,,,,,,,,,,,,,,,,,,,,,,,
14/05/2026 10:31:54,19,Male,CECS (Engineering & Computer Science),1st Year,3.0 – 3.49,No,5,4,Open learning space (i.e. university library),7,Neutral,Agree,Strongly Agree,Agree,Somewhat Agree,Agree,Strongly Agree,Somewhat Agree,Agree,Somewhat Agree,Agree,4,4,"Đặng Tuấn Kiệt, Lê Huy Tâm",,,,,,,,,,,,,,,,,,,,,,,
14/05/2026 10:33:31,18,Male,CECS (Engineering & Computer Science),1st Year,3.0 – 3.49,No,2,7,Open learning space (i.e. university library),6,Somewhat Disagree,Neutral,Somewhat Disagree,Somewhat Agree,Somewhat Disagree,Somewhat Disagree,Somewhat Disagree,Somewhat Disagree,Neutral,Neutral,Neutral,4,5,Đỗ Vĩnh Nhi,,,,,,,,,,,,,,,,,,,,,,,
14/05/2026 10:34:45,18,Male,CECS (Engineering & Computer Science),1st Year,3.5 – 4.0,No,2,8,Open learning space (i.e. university library),6,Strongly Agree,Strongly Agree,Somewhat Agree,Agree,Neutral,Somewhat Disagree,Agree,Strongly Agree,Neutral,Agree,Agree,5,6,Đặng Tuấn Kiệt,,,,,,,,,,,,,,,,,,,,,,,
14/05/2026 10:36:01,18,Female,CECS (Engineering & Computer Science),1st Year,3.0 – 3.49,No,4,5,"Private space (i.e. bedroom, home office)",7,Agree,Somewhat Agree,Neutral,Somewhat Agree,Somewhat Disagree,Somewhat Disagree,Somewhat Disagree,Disagree,Neutral,Strongly Agree,Disagree,6,4,"Đặng Tuấn Kiệt, Lê Huy Tâm",,,,,,,,,,,,,,,,,,,,,,,
14/05/2026 10:38:44,18,Male,CECS (Engineering & Computer Science),1st Year,3.0 – 3.49,No,8,3.5,"Private space (i.e. bedroom, home office)",7,Somewhat Agree,Agree,Somewhat Agree,Somewhat Agree,Agree,Somewhat Agree,Somewhat Agree,Agree,Agree,Somewhat Agree,Agree,4,6,"Đặng Tuấn Kiệt, Lê Huy Tâm, Phan Minh Đức",,,,,,,,,,,,,,,,,,,,,,,
14/05/2026 10:40:56,18,Male,CHS (Health Science),1st Year,3.0 – 3.49,No,5,5,"Private space (i.e. bedroom, home office)",7,Agree,Agree,Agree,Agree,Agree,Agree,Agree,Agree,Agree,Agree,Agree,4,5,Đặng Tuấn Kiệt,,,,,,,,,,,,,,,,,,,,,,,
14/05/2026 10:42:09,19,Male,CBM (Business and Management),1st Year,3.0 – 3.49,No,10,3,"Private space (i.e. bedroom, home office)",5,Agree,Agree,Strongly Agree,Neutral,Somewhat Agree,Somewhat Disagree,Agree,Strongly Agree,Somewhat Agree,Neutral,Agree,5,7,Đặng Tuấn Kiệt,,,,,,,,,,,,,,,,,,,,,,,
14/05/2026 10:42:47,20,Male,CAS (Arts and Sciences),1st Year,3.5 – 4.0,No,.5,6,"Private space (i.e. bedroom, home office)",8,Strongly Agree,Agree,Somewhat Agree,Disagree,Somewhat Agree,Somewhat Disagree,Neutral,Somewhat Agree,Strongly Disagree,Somewhat Agree,Agree,5,6,Đặng Tuấn Kiệt,,,,,,,,,,,,,,,,,,,,,,,
14/05/2026 10:44:20,20,Female,CBM (Business and Management),3rd Year,3.0 – 3.49,Yes,3,9,Collaborative space (i.e. group study room),5,Neutral,Somewhat Disagree,Somewhat Agree,Somewhat Disagree,Neutral,Somewhat Disagree,Neutral,Somewhat Disagree,Somewhat Agree,Neutral,Somewhat Disagree,6,3,Đỗ Vĩnh Nhi,,,,,,,,,,,,,,,,,,,,,,,
14/05/2026 10:44:27,20,Male,CECS (Engineering & Computer Science),2nd Year,3.5 – 4.0,Yes,2,1,Collaborative space (i.e. group study room),7,Agree,Strongly Agree,Neutral,Agree,Agree,Somewhat Disagree,Somewhat Agree,Agree,Neutral,Neutral,Strongly Agree,5,6,Đặng Tuấn Kiệt,,,,,,,,,,,,,,,,,,,,,,,
14/05/2026 10:46:08,18,Female,CAS (Arts and Sciences),1st Year,3.0 – 3.49,No,2,8,"Private space (i.e. bedroom, home office)",6,Neutral,Somewhat Disagree,Neutral,Somewhat Disagree,Somewhat Agree,Somewhat Disagree,Somewhat Disagree,Neutral,Somewhat Disagree,Somewhat Agree,Somewhat Disagree,5,4,Đỗ Vĩnh Nhi,,,,,,,,,,,,,,,,,,,,,,,
14/05/2026 10:50:44,18,Male,CECS (Engineering & Computer Science),1st Year,3.0 – 3.49,Yes,3,3,"Private space (i.e. bedroom, home office)",6,Agree,Agree,Agree,Agree,Agree,Agree,Agree,Agree,Agree,Agree,Agree,5,5,Đặng Tuấn Kiệt,,,,,,,,,,,,,,,,,,,,,,,
14/05/2026 10:56:02,20,Female,CECS (Engineering & Computer Science),2nd Year,3.5 – 4.0,No,4,8,"Private space (i.e. bedroom, home office)",7,Agree,Agree,Strongly Agree,Agree,Disagree,Somewhat Disagree,Agree,Disagree,Disagree,Somewhat Agree,Strongly Disagree,5,3,Đặng Tuấn Kiệt,,,,,,,,,,,,,,,,,,,,,,,
14/05/2026 11:17:03,21,Female,CBM (Business and Management),3rd Year,3.5 – 4.0,Yes,2,2,"Private space (i.e. bedroom, home office)",7,Agree,Agree,Somewhat Agree,Somewhat Disagree,Somewhat Disagree,Somewhat Disagree,Agree,Agree,Neutral,Agree,Somewhat Agree,6,4,Đặng Tuấn Kiệt,,,,,,,,,,,,,,,,,,,,,,,
14/05/2026 11:19:40,18,Female,CBM (Business and Management),1st Year,3.0 – 3.49,Yes,4,4,Open learning space (i.e. university library),7,Neutral,Disagree,Somewhat Disagree,Disagree,Disagree,Somewhat Disagree,Disagree,Somewhat Agree,Somewhat Disagree,Neutral,Disagree,2,2,Ong Quỳnh Trâm,,,,,,,,,,,,,,,,,,,,,,,
14/05/2026 11:19:57,19,Female,CECS (Engineering & Computer Science),2nd Year,3.5 – 4.0,Yes,4,5,"Private space (i.e. bedroom, home office)",7,Strongly Agree,Neutral,Strongly Agree,Strongly Agree,Strongly Disagree,Strongly Disagree,Strongly Disagree,Somewhat Disagree,Neutral,Somewhat Agree,Strongly Disagree,5,2,Đặng Tuấn Kiệt,,,,,,,,,,,,,,,,,,,,,,,
14/05/2026 11:20:07,18,Female,CBM (Business and Management),1st Year,3.0 – 3.49,Yes,4,3,"Private space (i.e. bedroom, home office)",8,Somewhat Agree,Neutral,Neutral,Neutral,Somewhat Agree,Somewhat Disagree,Neutral,Neutral,Neutral,Neutral,Agree,4,6,Ong Quỳnh Trâm,,,,,,,,,,,,,,,,,,,,,,,
14/05/2026 11:23:03,20,Male,CBM (Business and Management),2nd Year,3.5 – 4.0,No,3,4,"Private space (i.e. bedroom, home office)",8,Strongly Agree,Somewhat Agree,Somewhat Agree,Somewhat Agree,Somewhat Agree,Neutral,Agree,Somewhat Agree,Neutral,Somewhat Agree,Agree,5,6,"Đặng Tuấn Kiệt, Đỗ Vĩnh Nhi",,,,,,,,,,,,,,,,,,,,,,,
14/05/2026 11:23:46,19,Male,CAS (Arts and Sciences),1st Year,3.0 – 3.49,Yes,7,9,Open learning space (i.e. university library),6,Agree,Agree,Disagree,Agree,Disagree,Strongly Disagree,Neutral,Somewhat Agree,Neutral,Neutral,Disagree,6,3,Ong Quỳnh Trâm,,,,,,,,,,,,,,,,,,,,,,,
14/05/2026 11:24:33,19,Male,CHS (Health Science),1st Year,3.0 – 3.49,No,8,2,All above,6,Agree,Strongly Agree,Somewhat Agree,Somewhat Agree,Somewhat Agree,Somewhat Disagree,Neutral,Neutral,Disagree,Somewhat Disagree,Agree,4,6,Ong Quỳnh Trâm,,,,,,,,,,,,,,,,,,,,,,,
14/05/2026 11:26:52,18,Female,CHS (Health Science),1st Year,3.5 – 4.0,No,4,7,"Private space (i.e. bedroom, home office)",6,Agree,Agree,Strongly Agree,Neutral,Strongly Disagree,Somewhat Disagree,Somewhat Disagree,Somewhat Agree,Agree,Strongly Agree,Somewhat Agree,7,6,Đặng Tuấn Kiệt,,,,,,,,,,,,,,,,,,,,,,,
14/05/2026 11:27:33,20,Female,CAS (Arts and Sciences),2nd Year,3.0 – 3.49,Yes,3,6,Open learning space (i.e. university library),5,Agree,Agree,Somewhat Agree,Agree,Neutral,Somewhat Disagree,Somewhat Disagree,Agree,Neutral,Agree,Somewhat Disagree,3,5,Ong Quỳnh Trâm,,,,,,,,,,,,,,,,,,,,,,,
14/05/2026 11:27:34,19,Female,CBM (Business and Management),1st Year,2.0 – 2.49,Yes,10,4,"Private space (i.e. bedroom, home office)",10,Somewhat Agree,Agree,Disagree,Disagree,Somewhat Agree,Somewhat Disagree,Somewhat Agree,Neutral,Disagree,Disagree,Agree,4,5,Ong Quỳnh Trâm,,,,,,,,,,,,,,,,,,,,,,,
14/05/2026 11:28:07,18,Female,CHS (Health Science),1st Year,3.0 – 3.49,No,3,5,"Private space (i.e. bedroom, home office)",5,Somewhat Disagree,Somewhat Agree,Somewhat Agree,Strongly Disagree,Neutral,Somewhat Disagree,Strongly Disagree,Strongly Agree,Somewhat Disagree,Strongly Agree,Strongly Disagree,5,4,Ong Quỳnh Trâm,,,,,,,,,,,,,,,,,,,,,,,
14/05/2026 11:29:06,20,Male,CBM (Business and Management),2nd Year,3.5 – 4.0,Yes,3,4,"Private space (i.e. bedroom, home office)",8,Somewhat Agree,Somewhat Agree,Agree,Strongly Agree,Neutral,Somewhat Disagree,Agree,Somewhat Agree,Strongly Agree,Agree,Strongly Disagree,6,3,Đỗ Vĩnh Nhi,,,,,,,,,,,,,,,,,,,,,,,
14/05/2026 11:29:24,19,Male,CAS (Arts and Sciences),1st Year,3.5 – 4.0,Yes,4,8,Collaborative space (i.e. group study room),6,Strongly Agree,Strongly Agree,Agree,Neutral,Strongly Agree,Somewhat Disagree,Strongly Agree,Strongly Agree,Somewhat Disagree,Neutral,Strongly Agree,4,6,Ong Quỳnh Trâm,,,,,,,,,,,,,,,,,,,,,,,
14/05/2026 11:31:48,18,Male,CECS (Engineering & Computer Science),1st Year,3.5 – 4.0,No,6,4,"Private space (i.e. bedroom, home office)",7,Strongly Agree,Agree,Agree,Neutral,Somewhat Disagree,Somewhat Disagree,Neutral,Neutral,Disagree,Somewhat Agree,Somewhat Agree,4,5,"Ong Quỳnh Trâm, Nguyễn Trọng Nhân",,,,,,,,,,,,,,,,,,,,,,,
14/05/2026 11:32:21,20,Male,CECS (Engineering & Computer Science),2nd Year,3.5 – 4.0,Yes,4,7,"Private space (i.e. bedroom, home office)",5,Agree,Agree,Agree,Somewhat Disagree,Strongly Disagree,Somewhat Disagree,Neutral,Strongly Agree,Strongly Agree,Strongly Agree,Strongly Disagree,4,5,Ong Quỳnh Trâm,,,,,,,,,,,,,,,,,,,,,,,
14/05/2026 11:33:27,19,Female,CAS (Arts and Sciences),,,,,,,,,,,,,,,,,,,,,,,,,,,,,,,,,,,,,,,,,,,,
14/05/2026 11:36:43,18,Female,CAS (Arts and Sciences),1st Year,3.0 – 3.49,No,2,7,Open learning space (i.e. university library),8,Somewhat Agree,Neutral,Disagree,Somewhat Disagree,Neutral,Somewhat Disagree,Somewhat Disagree,Somewhat Agree,Somewhat Agree,Neutral,Somewhat Disagree,5,5,Đỗ Vĩnh Nhi,Engineer + Fundamental Science,,,,,,,,,,,,,,,,,,,,,,
14/05/2026 11:37:25,18,Female,CAS (Arts and Sciences),1st Year,3.5 – 4.0,Yes,3,7,Open learning space (i.e. university library),9,Strongly Agree,Strongly Agree,Strongly Agree,Neutral,Somewhat Agree,Somewhat Disagree,Strongly Agree,Strongly Agree,Strongly Disagree,Somewhat Disagree,Somewhat Disagree,4,5,Ong Quỳnh Trâm,,,,,,,,,,,,,,,,,,,,,,,
14/05/2026 11:39:23,19,Male,CBM (Business and Management),2nd Year,3.0 – 3.49,No,3,6,"Private space (i.e. bedroom, home office)",6,Neutral,Somewhat Disagree,Neutral,Neutral,Somewhat Disagree,Somewhat Disagree,Somewhat Agree,Neutral,Neutral,Somewhat Disagree,Neutral,4,5,Đỗ Vĩnh Nhi,Engineer + Fundamental Science,,,,,,,,,,,,,,,,,,,,,,
14/05/2026 11:40:10,18,Female,CAS (Arts and Sciences),1st Year,3.5 – 4.0,Yes,35,35,"Private space (i.e. bedroom, home office)",7,Strongly Agree,Somewhat Agree,Agree,Strongly Agree,Disagree,Somewhat Disagree,Neutral,Neutral,Neutral,Somewhat Agree,Neutral,4,6,Ong Quỳnh Trâm,,,,,,,,,,,,,,,,,,,,,,,
14/05/2026 11:40:38,20,Female,CBM (Business and Management),3rd Year,3.0 – 3.49,Yes,4,8,Collaborative space (i.e. group study room),5,Neutral,Somewhat Agree,Somewhat Disagree,Somewhat Agree,Disagree,Somewhat Disagree,Neutral,Neutral,Neutral,Somewhat Disagree,Somewhat Agree,5,3,Đỗ Vĩnh Nhi,,,,,,,,,,,,,,,,,,,,,,,
14/05/2026 11:42:11,18,Female,CAS (Arts and Sciences),1st Year,3.0 – 3.49,No,2,7,"Private space (i.e. bedroom, home office)",6,Somewhat Disagree,Somewhat Agree,Somewhat Disagree,Neutral,Somewhat Disagree,Somewhat Disagree,Neutral,Somewhat Agree,Somewhat Disagree,Somewhat Disagree,Disagree,5,3,Đỗ Vĩnh Nhi,,,,,,,,,,,,,,,,,,,,,,,
14/05/2026 11:46:05,19,Male,CECS (Engineering & Computer Science),1st Year,3.0 – 3.49,No,3,4,"Private space (i.e. bedroom, home office)",6,Strongly Agree,Agree,Strongly Agree,Strongly Agree,Strongly Disagree,Somewhat Disagree,Disagree,Agree,Strongly Agree,Strongly Agree,Disagree,4,6,Ong Quỳnh Trâm,Engineer + Fundamental Science,,,,,,,,,,,,,,,,,,,,,,
14/05/2026 11:47:09,19,Female,CAS (Arts and Sciences),2nd Year,3.0 – 3.49,No,2,6,"Private space (i.e. bedroom, home office)",5,Somewhat Agree,Neutral,Somewhat Disagree,Neutral,Somewhat Disagree,Somewhat Disagree,Neutral,Somewhat Agree,Neutral,Somewhat Disagree,Neutral,5,5,Đỗ Vĩnh Nhi,,,,,,,,,,,,,,,,,,,,,,,
14/05/2026 11:49:49,20,Female,CHS (Health Science),3rd Year,3.0 – 3.49,Yes,3,6,Open learning space (i.e. university library),5,Disagree,Neutral,Somewhat Disagree,Neutral,Somewhat Disagree,Somewhat Disagree,Neutral,Somewhat Disagree,Neutral,Somewhat Agree,Somewhat Disagree,5,4,Đỗ Vĩnh Nhi,,,,,,,,,,,,,,,,,,,,,,,
14/05/2026 11:53:23,20,Female,CBM (Business and Management),,,,,,,,,,,,,,,,,,,,,,,,,,,,,,,,,,,,,,,,,,,,
14/05/2026 11:56:00,18,Male,CAS (Arts and Sciences),1st Year,3.0 – 3.49,Yes,2,7,Open learning space (i.e. university library),6,Neutral,Somewhat Disagree,Neutral,Somewhat Agree,Neutral,Somewhat Disagree,Neutral,Neutral,Somewhat Agree,Somewhat Disagree,Neutral,5,5,Đỗ Vĩnh Nhi,,,,,,,,,,,,,,,,,,,,,,,
14/05/2026 11:56:49,19,Male,CECS (Engineering & Computer Science),1st Year,3.0 – 3.49,No,4,3,"Private space (i.e. bedroom, home office)",7,Agree,Somewhat Agree,Agree,Agree,Neutral,Somewhat Agree,Agree,Agree,Agree,Somewhat Agree,Neutral,4,5,Phan Minh Đức,Engineer + Fundamental Science,,,,,,,,,,,,,,,,,,,,,,
14/05/2026 11:57:07,19,Female,CBM (Business and Management),2nd Year,3.0 – 3.49,No,3,7,Open learning space (i.e. university library),6,Neutral,Somewhat Disagree,Somewhat Agree,Somewhat Disagree,Somewhat Agree,Somewhat Disagree,Neutral,Neutral,Neutral,Somewhat Disagree,Somewhat Disagree,5,3,Đỗ Vĩnh Nhi,,,,,,,,,,,,,,,,,,,,,,,
14/05/2026 11:58:20,19,Female,CBM (Business and Management),1st Year,2.0 – 2.49,No,10,3,Cafes,8,Somewhat Agree,Somewhat Disagree,Neutral,Strongly Agree,Somewhat Disagree,Somewhat Disagree,Somewhat Agree,Somewhat Agree,Somewhat Agree,Agree,Agree,4,6,Nguyen Pham Quynh Tram,,,,,,,,,,,,,,,,,,,,,,,
14/05/2026 12:00:03,19,Female,CBM (Business and Management),1st Year,2.0 – 2.49,No,10,3,Cafes,8,Somewhat Agree,Neutral,Somewhat Agree,Agree,Somewhat Agree,Somewhat Disagree,Somewhat Agree,Neutral,Neutral,Somewhat Agree,Somewhat Agree,4,6,Ong Quỳnh Trâm,,,,,,,,,,,,,,,,,,,,,,,
14/05/2026 12:01:56,18,Female,CHS (Health Science),1st Year,3.0 – 3.49,No,5,10,"Private space (i.e. bedroom, home office)",7,Agree,Agree,Agree,Agree,Somewhat Agree,Somewhat Disagree,Somewhat Disagree,Neutral,Neutral,Neutral,Disagree,4,3,Ong Quỳnh Trâm,,,,,,,,,,,,,,,,,,,,,,,
14/05/2026 12:02:51,18,Female,CAS (Arts and Sciences),1st Year,3.0 – 3.49,No,4,5,Open learning space (i.e. university library),6,Agree,Agree,Neutral,Somewhat Disagree,Agree,Somewhat Disagree,Somewhat Disagree,Disagree,Disagree,Somewhat Disagree,Neutral,4,5,Ong Quỳnh Trâm,,,,,,,,,,,,,,,,,,,,,,,
14/05/2026 12:05:08,19,Female,CBM (Business and Management),1st Year,3.0 – 3.49,Yes,2,5,"Private space (i.e. bedroom, home office)",5,Agree,Somewhat Agree,Somewhat Agree,Somewhat Agree,Disagree,Somewhat Disagree,Somewhat Agree,Neutral,Neutral,Neutral,Neutral,6,3,"Ong Quỳnh Trâm, Đỗ Vĩnh Nhi, Nguyễn Trọng Nhân",,,,,,,,,,,,,,,,,,,,,,,
14/05/2026 12:16:30,19,Female,CBM (Business and Management),1st Year,3.5 – 4.0,Yes,4,8,Flexible,8,Strongly Agree,Somewhat Agree,Agree,Neutral,Somewhat Agree,Somewhat Disagree,Strongly Disagree,Somewhat Agree,Strongly Agree,Strongly Agree,Disagree,5,4,Ong Quỳnh Trâm,,,,,,,,,,,,,,,,,,,,,,,
14/05/2026 12:31:09,20,Male,CECS (Engineering & Computer Science),1st Year,2.0 – 2.49,No,6,3,Open learning space (i.e. university library),6,Strongly Agree,Strongly Disagree,Somewhat Agree,Neutral,Strongly Disagree,Somewhat Disagree,Agree,Somewhat Agree,Neutral,Agree,Strongly Agree,4,5,Đặng Tuấn Kiệt,,,,,,,,,,,,,,,,,,,,,,,
14/05/2026 12:35:54,18,Female,CAS (Arts and Sciences),1st Year,3.0 – 3.49,Yes,2,12,Collaborative space (i.e. group study room),5,Strongly Agree,Somewhat Agree,Somewhat Disagree,Somewhat Agree,Somewhat Agree,Somewhat Disagree,Neutral,Neutral,Strongly Disagree,Neutral,Somewhat Agree,4,4,Đặng Tuấn Kiệt,,,,,,,,,,,,,,,,,,,,,,,
14/05/2026 13:36:24,20,Male,CECS (Engineering & Computer Science),2nd Year,3.5 – 4.0,Yes,2,8,"Private space (i.e. bedroom, home office)",6,Neutral,Neutral,Neutral,Neutral,Neutral,Neutral,Neutral,Neutral,Neutral,Neutral,Neutral,5,4,Ong Quỳnh Trâm,,,,,,,,,,,,,,,,,,,,,,,
14/05/2026 13:40:17,19,Male,CECS (Engineering & Computer Science),1st Year,2.5 – 2.99,No,5,6,Collaborative space (i.e. group study room),6,Strongly Agree,Somewhat Agree,Agree,Somewhat Agree,Disagree,Somewhat Disagree,Somewhat Agree,Neutral,Somewhat Disagree,Neutral,Neutral,4,6,Phan Minh Đức,,,,,,,,,,,,,,,,,,,,,,,
14/05/2026 13:41:13,19,Male,CECS (Engineering & Computer Science),1st Year,3.5 – 4.0,No,4,4,"Private space (i.e. bedroom, home office)",5.5,Strongly Agree,Strongly Agree,Agree,Somewhat Agree,Somewhat Disagree,Somewhat Disagree,Agree,Strongly Agree,Somewhat Disagree,Neutral,Somewhat Agree,6,6,"Bùi Duy Linh, Phan Minh Đức",,,,,,,,,,,,,,,,,,,,,,,
14/05/2026 13:42:54,19,Male,CECS (Engineering & Computer Science),1st Year,3.5 – 4.0,No,5,5,"Private space (i.e. bedroom, home office)",7,Strongly Agree,Agree,Strongly Agree,Somewhat Agree,Strongly Disagree,Somewhat Disagree,Disagree,Disagree,Disagree,Strongly Agree,Somewhat Agree,4,5,"Lê Huy Tâm, Bùi Duy Linh, Phan Minh Đức, Nguyễn Hà My",,,,,,,,,,,,,,,,,,,,,,,
14/05/2026 13:44:19,19,Male,CECS (Engineering & Computer Science),1st Year,3.5 – 4.0,Yes,5,7,"Private space (i.e. bedroom, home office)",6,Neutral,Strongly Agree,Disagree,Strongly Agree,Somewhat Agree,Somewhat Disagree,Strongly Agree,Strongly Agree,Somewhat Disagree,Somewhat Disagree,Strongly Agree,4,7,Phan Minh Đức,,,,,,,,,,,,,,,,,,,,,,,
14/05/2026 13:47:22,19,Male,CECS (Engineering & Computer Science),1st Year,3.5 – 4.0,No,10,1,Open learning space (i.e. university library),4,Strongly Agree,Strongly Agree,Strongly Disagree,Strongly Disagree,Strongly Agree,Somewhat Disagree,Strongly Agree,Strongly Agree,Strongly Disagree,Strongly Disagree,Strongly Agree,1,7,Đặng Tuấn Kiệt,Computer Science,,1st Year,3.5 – 4.0,No,10,1,Collaborative space (i.e. group study room),4,Strongly Agree,Strongly Agree,Strongly Disagree,Strongly Disagree,Strongly Agree,Somewhat Disagree,Strongly Agree,Strongly Agree,Strongly Disagree,Strongly Disagree,Strongly Agree,1,7,Đặng Tuấn Kiệt
14/05/2026 13:55:18,18,Male,CECS (Engineering & Computer Science),,,,,,,,,,,,,,,,,,,,,,,,1st Year,3.0 – 3.49,No,5,6,Open learning space (i.e. university library),6,Strongly Agree,Strongly Agree,Strongly Agree,Strongly Agree,Strongly Agree,Somewhat Disagree,Strongly Agree,Somewhat Agree,Somewhat Agree,Strongly Agree,Somewhat Agree,6,6,Nguyễn Trọng Nhân
14/05/2026 13:56:07,19,Male,CHS (Health Science),,,,,,,,,,,,,,,,,,,,,,,,1st Year,3.5 – 4.0,No,4,3,"Private space (i.e. bedroom, home office)",8,Agree,Agree,Agree,Agree,Agree,Agree,Agree,Agree,Agree,Agree,Agree,4,4,Đặng Tuấn Kiệt
14/05/2026 13:56:26,18,Male,CBM (Business and Management),,,,,,,,,,,,,,,,,,,,,,,,1st Year,3.0 – 3.49,No,2,9,Collaborative space (i.e. group study room),5,Disagree,Neutral,Neutral,Somewhat Disagree,Somewhat Agree,Somewhat Disagree,Neutral,Neutral,Somewhat Agree,Neutral,Somewhat Disagree,4,5,Đỗ Vĩnh Nhi
14/05/2026 13:58:19,18,Male,CBM (Business and Management),,,,,,,,,,,,,,,,,,,,,,,,1st Year,3.0 – 3.49,No,4,1,"Private space (i.e. bedroom, home office)",9,Somewhat Disagree,Somewhat Disagree,Strongly Agree,Agree,Somewhat Disagree,Somewhat Disagree,Neutral,Neutral,Somewhat Agree,Neutral,Disagree,4,7,Đặng Tuấn Kiệt
14/05/2026 14:00:49,20,Female,Non-VinUnian,3rd Year,3.0 – 3.49,No,3,6,Cafes,7,Disagree,Neutral,Neutral,Somewhat Agree,Somewhat Agree,Somewhat Disagree,Neutral,Agree,Neutral,Somewhat Agree,Somewhat Agree,5,3,Đỗ Vĩnh Nhi,,,,,,,,,,,,,,,,,,,,,,,
14/05/2026 14:03:02,18,Female,CAS (Arts and Sciences),,,,,,,,,,,,,,,,,,,,,,Business / Economics,,1st Year,3.0 – 3.49,No,4,7,Cafes,8,Disagree,Neutral,Somewhat Agree,Somewhat Agree,Neutral,Somewhat Disagree,Neutral,Neutral,Somewhat Disagree,Somewhat Agree,Neutral,5,4,Đỗ Vĩnh Nhi
14/05/2026 14:12:16,18,Female,CAS (Arts and Sciences),1st Year,2.5 – 2.99,Yes,3,6,Collaborative space (i.e. group study room),6,Somewhat Agree,Strongly Agree,Somewhat Agree,Neutral,Agree,Somewhat Disagree,Disagree,Disagree,Disagree,Strongly Agree,Strongly Agree,5,5,Đặng Tuấn Kiệt,,,,,,,,,,,,,,,,,,,,,,,
14/05/2026 14:14:20,19,Male,CBM (Business and Management),1st Year,3.0 – 3.49,Yes,3,1,"Private space (i.e. bedroom, home office)",6,Agree,Strongly Agree,Somewhat Agree,Somewhat Disagree,Agree,Somewhat Disagree,Somewhat Agree,Somewhat Agree,Disagree,Somewhat Disagree,Agree,5,4,"Đặng Tuấn Kiệt, Lê Huy Tâm",,,,,,,,,,,,,,,,,,,,,,,
14/05/2026 14:17:17,20,Female,Non-VinUnian,,,,,,,,,,,,,,,,,,,,,,Engineering / Fundamental Science,,3rd Year,3.0 – 3.49,Yes,4,7,Cafes,6,Somewhat Disagree,Somewhat Disagree,Somewhat Agree,Somewhat Agree,Somewhat Agree,Somewhat Disagree,Neutral,Neutral,Somewhat Agree,Somewhat Disagree,Somewhat Agree,5,4,Đỗ Vĩnh Nhi
14/05/2026 14:18:27,18,Male,CBM (Business and Management),1st Year,3.0 – 3.49,No,3,6,Cafes,7,Somewhat Disagree,Neutral,Neutral,Neutral,Somewhat Agree,Somewhat Disagree,Neutral,Somewhat Disagree,Somewhat Disagree,Neutral,Neutral,6,4,Đỗ Vĩnh Nhi,,,,,,,,,,,,,,,,,,,,,,,
14/05/2026 14:32:49,20,Female,CAS (Arts and Sciences),2nd Year,3.0 – 3.49,Yes,3,5,"Private space (i.e. bedroom, home office)",7,Strongly Agree,Somewhat Agree,Agree,Strongly Agree,Somewhat Disagree,Somewhat Disagree,Disagree,Somewhat Agree,Somewhat Agree,Agree,Somewhat Agree,6,5,Đặng Tuấn Kiệt,,,,,,,,,,,,,,,,,,,,,,,
14/05/2026 14:34:03,18,Male,CECS (Engineering & Computer Science),1st Year,2.5 – 2.99,No,0.5,10,Open learning space (i.e. university library),7.5,Strongly Agree,Strongly Disagree,Strongly Agree,Strongly Agree,Strongly Disagree,Somewhat Disagree,Strongly Disagree,Strongly Disagree,Strongly Agree,Strongly Agree,Strongly Disagree,7,1,"Đặng Tuấn Kiệt, Phan Minh Đức",,,,,,,,,,,,,,,,,,,,,,,
14/05/2026 14:43:43,18,Male,CBM (Business and Management),1st Year,3.0 – 3.49,Yes,4,5,"Private space (i.e. bedroom, home office)",7,Agree,Somewhat Agree,Agree,Agree,Somewhat Agree,Somewhat Disagree,Neutral,Somewhat Agree,Somewhat Agree,Agree,Somewhat Agree,5,4,Nguyễn Trọng Nhân,,,,,,,,,,,,,,,,,,,,,,,
14/05/2026 15:01:56,18,Female,CAS (Arts and Sciences),1st Year,3.0 – 3.49,No,2,8,Collaborative space (i.e. group study room),5,Disagree,Neutral,Somewhat Agree,Somewhat Disagree,Somewhat Agree,Somewhat Disagree,Somewhat Disagree,Neutral,Neutral,Neutral,Somewhat Disagree,5,3,Đỗ Vĩnh Nhi,,,,,,,,,,,,,,,,,,,,,,,
14/05/2026 15:04:25,19,Female,CAS (Arts and Sciences),1st Year,3.5 – 4.0,Yes,2,2,Collaborative space (i.e. group study room),7,Strongly Agree,Strongly Agree,Disagree,Strongly Disagree,Strongly Agree,Neutral,Strongly Agree,Strongly Agree,Somewhat Agree,Disagree,Strongly Agree,5,7,Ong Quỳnh Trâm,,,,,,,,,,,,,,,,,,,,,,,
14/05/2026 15:23:50,18,Female,Non-VinUnian,,,,,,,,,,,,,,,,,,,,,,Law ,,1st Year,3.0 – 3.49,Yes,7,2,"Private space (i.e. bedroom, home office)",8,Agree,Somewhat Agree,Neutral,Somewhat Agree,Neutral,Somewhat Disagree,Somewhat Agree,Neutral,Neutral,Neutral,Somewhat Agree,4,6,Ong Quỳnh Trâm
14/05/2026 15:31:20,21,Female,CBM (Business and Management),,,,,,,,,,,,,,,,,,,,,,,,,,,,,,,,,,,,,,,,,,,,
14/05/2026 15:36:29,18,Male,CECS (Engineering & Computer Science),1st Year,3.5 – 4.0,No,1,1,"Private space (i.e. bedroom, home office)",7,Agree,Strongly Agree,Neutral,Strongly Agree,Strongly Agree,Somewhat Disagree,Somewhat Disagree,Somewhat Agree,Strongly Disagree,Strongly Disagree,Somewhat Agree,7,4,"Bùi Duy Linh, Phan Minh Đức, Nguyễn Cảnh Kỳ",,,,,,,,,,,,,,,,,,,,,,,
14/05/2026 15:38:33,19,Male,CECS (Engineering & Computer Science),1st Year,3.5 – 4.0,Yes,2,8,"Private space (i.e. bedroom, home office)",6,Agree,Somewhat Disagree,Somewhat Agree,Somewhat Agree,Disagree,Somewhat Disagree,Neutral,Neutral,Neutral,Neutral,Disagree,5,4,Đặng Tuấn Kiệt,,,,,,,,,,,,,,,,,,,,,,,
14/05/2026 15:56:10,18,Female,Non-VinUnian,,,,,,,,,,,,,,,,,,,,,,Humanities,,1st Year,2.0 – 2.49,No,2,5,Open learning space (i.e. university library),6,Agree,Somewhat Agree,Agree,Somewhat Agree,Neutral,Somewhat Disagree,Somewhat Disagree,Disagree,Neutral,Neutral,Somewhat Disagree,5,5,Nguyễn Hà My
14/05/2026 16:17:24,18,Female,CECS (Engineering & Computer Science),1st Year,3.0 – 3.49,No,15,1,"Private space (i.e. bedroom, home office)",7,Agree,Strongly Agree,Somewhat Agree,Disagree,Somewhat Disagree,Somewhat Disagree,Neutral,Somewhat Disagree,Strongly Disagree,Disagree,Agree,3,7,Đặng Tuấn Kiệt,,,,,,,,,,,,,,,,,,,,,,,
14/05/2026 16:25:03,18,Prefer not to say,CECS (Engineering & Computer Science),1st Year,2.5 – 2.99,No,10,1,Open learning space (i.e. university library),6,Strongly Agree,Strongly Agree,Strongly Disagree,Strongly Disagree,Strongly Agree,Strongly Agree,Strongly Agree,Strongly Agree,Strongly Agree,Strongly Agree,Strongly Agree,1,4,Đặng Tuấn Kiệt,,,,,,,,,,,,,,,,,,,,,,,
14/05/2026 17:34:44,18,Male,CBM (Business and Management),1st Year,3.5 – 4.0,Yes,4,6,"Private space (i.e. bedroom, home office)",7,Somewhat Agree,Neutral,Agree,Somewhat Agree,Agree,Somewhat Disagree,Agree,Neutral,Agree,Agree,Somewhat Agree,5,3,Hỏa Thúy Quỳnh,,,,,,,,,,,,,,,,,,,,,,,
14/05/2026 17:41:33,19,Male,CECS (Engineering & Computer Science),1st Year,3.5 – 4.0,Yes,4,8,"Private space (i.e. bedroom, home office)",6,Strongly Agree,Agree,Agree,Neutral,Neutral,Somewhat Disagree,Somewhat Agree,Neutral,Somewhat Disagree,Somewhat Disagree,Neutral,6,5,Hỏa Thúy Quỳnh,,,,,,,,,,,,,,,,,,,,,,,
14/05/2026 17:46:37,18,Female,CBM (Business and Management),1st Year,2.5 – 2.99,No,7,6,Open learning space (i.e. university library),8,Agree,Agree,Strongly Agree,Somewhat Disagree,Somewhat Disagree,Somewhat Disagree,Agree,Agree,Somewhat Disagree,Neutral,Somewhat Agree,4,6,Hỏa Thúy Quỳnh,,,,,,,,,,,,,,,,,,,,,,,
14/05/2026 17:56:20,18,Female,Non-VinUnian,,,,,,,,,,,,,,,,,,,,,,Business / Economics,,1st Year,3.5 – 4.0,Yes,3,9,"Private space (i.e. bedroom, home office)",7,Strongly Agree,Disagree,Agree,Agree,Somewhat Disagree,Somewhat Disagree,Neutral,Neutral,Somewhat Disagree,Agree,Somewhat Disagree,6,2,Hỏa Thúy Quỳnh
14/05/2026 18:04:13,20,Female,CAS (Arts and Sciences),2nd Year,3.0 – 3.49,No,5,8,Cafes,6,Agree,Somewhat Agree,Neutral,Neutral,Somewhat Agree,Somewhat Disagree,Neutral,Neutral,Neutral,Somewhat Agree,Somewhat Agree,3,5,"Đặng Tuấn Kiệt, Hỏa Thúy Quỳnh, Đỗ Vĩnh Nhi",,,,,,,,,,,,,,,,,,,,,,,
14/05/2026 18:04:35,18,Female,Non-VinUnian,,,,,,,,,,,,,,,,,,,,,,Healthcare,,1st Year,3.0 – 3.49,Yes,8,9,Collaborative space (i.e. group study room),5,Strongly Agree,Agree,Strongly Agree,Somewhat Agree,Disagree,Somewhat Disagree,Neutral,Disagree,Neutral,Agree,Somewhat Disagree,5,1,Hỏa Thúy Quỳnh
14/05/2026 18:04:39,18,Female,Non-VinUnian,,,,,,,,,,,,,,,,,,,,,,Business / Economics,,1st Year,3.5 – 4.0,Yes,8,6,Cafes,7,Strongly Agree,Somewhat Agree,Strongly Agree,Neutral,Disagree,Somewhat Disagree,Agree,Somewhat Agree,Neutral,Somewhat Agree,Disagree,7,3,Hỏa Thúy Quỳnh
14/05/2026 19:16:05,18,Female,CBM (Business and Management),1st Year,3.0 – 3.49,No,0,7,"Private space (i.e. bedroom, home office)",6,Strongly Agree,Strongly Agree,Agree,Agree,Somewhat Agree,Agree,Somewhat Agree,Agree,Agree,Agree,Somewhat Agree,6,5,"Đặng Tuấn Kiệt, Hỏa Thúy Quỳnh",,,,,,,,,,,,,,,,,,,,,,,
14/05/2026 20:49:58,18,Female,Non-VinUnian,,,,,,,,,,,,,,,,,,,,,,Business / Economics,,1st Year,3.0 – 3.49,No,5,7,"Private space (i.e. bedroom, home office)",6,Strongly Agree,Strongly Disagree,Strongly Agree,Agree,Disagree,Somewhat Disagree,Neutral,Somewhat Disagree,Somewhat Disagree,Neutral,Disagree,6,2,Hỏa Thúy Quỳnh
14/05/2026 20:59:45,18,Other,Non-VinUnian,,,,,,,,,,,,,,,,,,,,,,Business / Economics,,1st Year,3.0 – 3.49,No,4,8,Cafes,7,Somewhat Disagree,Neutral,Neutral,Somewhat Agree,Somewhat Disagree,Somewhat Disagree,Neutral,Somewhat Agree,Somewhat Disagree,Neutral,Neutral,5,3,Đỗ Vĩnh Nhi
14/05/2026 21:53:19,19,Female,CBM (Business and Management),1st Year,3.0 – 3.49,Yes,7,3,Open learning space (i.e. university library),7,Strongly Agree,Strongly Agree,Agree,Neutral,Somewhat Agree,Somewhat Disagree,Somewhat Agree,Somewhat Agree,Somewhat Disagree,Neutral,Somewhat Agree,4,6,Nguyễn Trọng Nhân,,,,,,,,,,,,,,,,,,,,,,,
14/05/2026 22:26:31,18,Female,CAS (Arts and Sciences),1st Year,3.5 – 4.0,Yes,3,4,Collaborative space (i.e. group study room),5,Agree,Agree,Agree,Agree,Agree,Somewhat Disagree,Somewhat Agree,Neutral,Somewhat Disagree,Somewhat Agree,Neutral,4,4,"Đặng Tuấn Kiệt, Lê Huy Tâm, Hỏa Thúy Quỳnh",,,,,,,,,,,,,,,,,,,,,,,
14/05/2026 22:52:58,18,Male,CBM (Business and Management),1st Year,3.5 – 4.0,Yes,8,8,"Private space (i.e. bedroom, home office)",9,Somewhat Agree,Agree,Somewhat Agree,Agree,Strongly Agree,Somewhat Disagree,Agree,Agree,Somewhat Agree,Strongly Agree,Somewhat Disagree,5,4,Nguyễn Trọng Nhân,,,,,,,,,,,,,,,,,,,,,,,
14/05/2026 23:48:22,19,Male,CBM (Business and Management),2nd Year,3.0 – 3.49,No,2,7,Open learning space (i.e. university library),5,Somewhat Disagree,Neutral,Somewhat Agree,Somewhat Disagree,Neutral,Somewhat Disagree,Somewhat Agree,Neutral,Neutral,Neutral,Neutral,5,4,Đỗ Vĩnh Nhi,,,,,,,,,,,,,,,,,,,,,,,
14/05/2026 23:49:05,20,Male,Non-VinUnian,,,,,,,,,,,,,,,,,,,,,,Social Sciences,,3rd Year,3.0 – 3.49,Yes,3,10,Cafes,4,Neutral,Somewhat Agree,Somewhat Disagree,Somewhat Disagree,Somewhat Agree,Somewhat Disagree,Somewhat Disagree,Somewhat Disagree,Neutral,Neutral,Neutral,4,5,Đỗ Vĩnh Nhi
15/05/2026 1:30:18,19,Female,Non-VinUnian,,,,,,,,,,,,,,,,,,,,,,Business / Economics,,1st Year,3.0 – 3.49,No,7,2,"Private space (i.e. bedroom, home office)",6,Strongly Agree,Agree,Agree,Somewhat Disagree,Neutral,Somewhat Disagree,Agree,Agree,Somewhat Disagree,Somewhat Disagree,Agree,5,6,Nguyễn Hà My
15/05/2026 9:31:34,20,Female,CAS (Arts and Sciences),2nd Year,3.5 – 4.0,Yes,4,6,"Private space (i.e. bedroom, home office)",7,Neutral,Neutral,Agree,Agree,Somewhat Agree,Somewhat Agree,Agree,Somewhat Agree,Somewhat Agree,Somewhat Agree,Somewhat Agree,3,5,Ong Quỳnh Trâm,,,,,,,,,,,,,,,,,,,,,,,
15/05/2026 10:15:36,19,Male,CAS (Arts and Sciences),1st Year,2.5 – 2.99,Yes,2,2,Open learning space (i.e. university library),5,Agree,Agree,Agree,Disagree,Somewhat Disagree,Somewhat Disagree,Disagree,Disagree,Disagree,Somewhat Disagree,Neutral,4,5,Nguyễn Cảnh Kỳ,,,,,,,,,,,,,,,,,,,,,,,
15/05/2026 11:59:06,19,Female,Non-VinUnian,,,,,,,,,,,,,,,,,,,,,,Social Sciences,,1st Year,3.5 – 4.0,No,5,8,Open learning space (i.e. university library),6,Somewhat Agree,Somewhat Agree,Strongly Agree,Strongly Agree,Disagree,Somewhat Disagree,Disagree,Agree,Neutral,Somewhat Agree,Strongly Disagree,6,4,Lê Huy Tâm
15/05/2026 13:14:05,18,Male,Non-VinUnian,,,,,,,,,,,,,,,,,,,,,,Business / Economics,,1st Year,3.0 – 3.49,Yes,6,2,Open learning space (i.e. university library),8,Strongly Agree,Somewhat Agree,Agree,Agree,Somewhat Agree,Somewhat Disagree,Somewhat Disagree,Somewhat Agree,Somewhat Agree,Agree,Somewhat Disagree,5,3,lynne idk her name
15/05/2026 13:51:19,18,Male,Non-VinUnian,,,,,,,,,,,,,,,,,,,,,,Business / Economics,,1st Year,3.5 – 4.0,No,4,2,"Private space (i.e. bedroom, home office)",5,Strongly Agree,Agree,Neutral,Disagree,Somewhat Agree,Somewhat Disagree,Agree,Agree,Disagree,Agree,Somewhat Agree,4,6,Lê Huy Tâm
15/05/2026 13:51:21,19,Female,CBM (Business and Management),1st Year,3.0 – 3.49,Yes,5,6,Cafes,5,Strongly Disagree,Strongly Disagree,Somewhat Disagree,Agree,Agree,Somewhat Disagree,Somewhat Agree,Disagree,Somewhat Agree,Disagree,Disagree,4,6,Hỏa Thúy Quỳnh,,,,,,,,,,,,,,,,,,,,,,,
15/05/2026 14:01:07,18,Male,CHS (Health Science),1st Year,3.0 – 3.49,No,5,5,"Private space (i.e. bedroom, home office)",7,Somewhat Disagree,Somewhat Disagree,Somewhat Disagree,Somewhat Disagree,Somewhat Disagree,Somewhat Disagree,Somewhat Disagree,Somewhat Disagree,Somewhat Disagree,Somewhat Disagree,Somewhat Disagree,5,5,Hỏa Thúy Quỳnh,,,,,,,,,,,,,,,,,,,,,,,
15/05/2026 14:13:25,20,Male,Non-VinUnian,,,,,,,,,,,,,,,,,,,,,,Healthcare,,3rd Year,3.5 – 4.0,Yes,1,3,Cafes,5,Strongly Agree,Strongly Disagree,Strongly Agree,Somewhat Agree,Strongly Disagree,Somewhat Disagree,Somewhat Agree,Agree,Strongly Agree,Agree,Strongly Disagree,7,2,Nguyễn Hà My
15/05/2026 14:17:38,19,Other,CAS (Arts and Sciences),2nd Year,3.0 – 3.49,Yes,3,1,"Private space (i.e. bedroom, home office)",9,Strongly Agree,Somewhat Agree,Agree,Agree,Somewhat Disagree,Somewhat Disagree,Somewhat Agree,Somewhat Agree,Neutral,Agree,Somewhat Agree,5,4,Nguyễn Hà My,,,,,,,,,,,,,,,,,,,,,,,
15/05/2026 14:18:25,18,Female,CAS (Arts and Sciences),1st Year,3.5 – 4.0,Yes,4,3,Open learning space (i.e. university library),6,Agree,Agree,Somewhat Agree,Neutral,Agree,Somewhat Disagree,Somewhat Agree,Somewhat Agree,Disagree,Somewhat Agree,Somewhat Agree,5,7,Đặng Tuấn Kiệt,,,,,,,,,,,,,,,,,,,,,,,
15/05/2026 14:18:52,19,Female,Non-VinUnian,,,,,,,,,,,,,,,,,,,,,,Marketing,,1st Year,3.5 – 4.0,Yes,6,2,"Private space (i.e. bedroom, home office)",7,Strongly Agree,Agree,Agree,Strongly Agree,Somewhat Disagree,Somewhat Disagree,Somewhat Agree,Somewhat Agree,Neutral,Somewhat Disagree,Somewhat Agree,4,5,Nguyễn Hà My
15/05/2026 14:22:10,18,Female,CBM (Business and Management),1st Year,3.0 – 3.49,Yes,7,8,Cafes,10,Neutral,Neutral,Neutral,Somewhat Agree,Somewhat Disagree,Neutral,Neutral,Neutral,Neutral,Neutral,Neutral,5,5,Nguyễn Hà My,,,,,,,,,,,,,,,,,,,,,,,
15/05/2026 14:28:29,19,Other,Non-VinUnian,,,,,,,,,,,,,,,,,,,,,,Business / Economics,,1st Year,2.5 – 2.99,No,3,1,"Private space (i.e. bedroom, home office)",6,Agree,Agree,Agree,Neutral,Neutral,Neutral,Somewhat Disagree,Neutral,Neutral,Somewhat Agree,Somewhat Agree,4,5,Nguyễn Hà My
15/05/2026 14:31:13,18,Female,CBM (Business and Management),1st Year,3.0 – 3.49,No,5,7,Open learning space (i.e. university library),7,Somewhat Disagree,Somewhat Agree,Neutral,Agree,Somewhat Disagree,Somewhat Disagree,Strongly Agree,Agree,Strongly Agree,Somewhat Agree,Neutral,5,6,Nguyễn Hà My,,,,,,,,,,,,,,,,,,,,,,,
15/05/2026 14:38:45,18,Female,CBM (Business and Management),1st Year,3.0 – 3.49,No,3,7,Cafes,6,Somewhat Disagree,Neutral,Neutral,Somewhat Agree,Neutral,Somewhat Disagree,Somewhat Agree,Somewhat Disagree,Somewhat Agree,Somewhat Disagree,Somewhat Agree,5,5,Đỗ Vĩnh Nhi,,,,,,,,,,,,,,,,,,,,,,,
15/05/2026 14:51:22,18,Male,CHS (Health Science),1st Year,3.5 – 4.0,No,7,7,"Private space (i.e. bedroom, home office)",7,Neutral,Agree,Agree,Neutral,Somewhat Disagree,Somewhat Disagree,Disagree,Disagree,Somewhat Disagree,Neutral,Somewhat Disagree,3,5,Lê Huy Tâm,,,,,,,,,,,,,,,,,,,,,,,
15/05/2026 14:56:20,20,Male,CBM (Business and Management),2nd Year,3.5 – 4.0,Yes,4,5,"Private space (i.e. bedroom, home office)",8,Somewhat Agree,Somewhat Disagree,Agree,Agree,Somewhat Disagree,Somewhat Disagree,Agree,Somewhat Agree,Agree,Somewhat Disagree,Somewhat Agree,6,6,Đỗ Vĩnh Nhi,,,,,,,,,,,,,,,,,,,,,,,
15/05/2026 14:59:04,18,Female,CECS (Engineering & Computer Science),1st Year,3.0 – 3.49,No,10,6,All above,6,Neutral,Somewhat Agree,Somewhat Agree,Neutral,Somewhat Disagree,Somewhat Disagree,Somewhat Agree,Neutral,Agree,Agree,Agree,5,6,Hỏa Thúy Quỳnh,,,,,,,,,,,,,,,,,,,,,,,
15/05/2026 15:04:36,19,Female,CBM (Business and Management),1st Year,3.0 – 3.49,Yes,5,7,"Private space (i.e. bedroom, home office)",5,Disagree,Disagree,Agree,Neutral,Disagree,Somewhat Disagree,Agree,Disagree,Agree,Disagree,Disagree,4,4,Ong Quỳnh Trâm,,,,,,,,,,,,,,,,,,,,,,,
15/05/2026 15:05:56,18,Female,CHS (Health Science),1st Year,3.0 – 3.49,No,8,5,"Private space (i.e. bedroom, home office)",5,Strongly Agree,Agree,Strongly Agree,Somewhat Disagree,Somewhat Agree,Somewhat Disagree,Strongly Disagree,Strongly Agree,Somewhat Agree,Strongly Agree,Neutral,4,7,Lê Huy Tâm,,,,,,,,,,,,,,,,,,,,,,,
15/05/2026 15:07:24,19,Female,Non-VinUnian,,,,,,,,,,,,,,,,,,,,,,Business / Economics,,1st Year,3.0 – 3.49,Yes,2.5,3,"Private space (i.e. bedroom, home office)",7,Agree,Agree,Agree,Neutral,Neutral,Somewhat Agree,Somewhat Agree,Somewhat Disagree,Somewhat Disagree,Somewhat Disagree,Somewhat Agree,5,4,Ong Quỳnh Trâm
15/05/2026 15:07:43,20,Male,CBM (Business and Management),2nd Year,3.0 – 3.49,Yes,4,5,"Private space (i.e. bedroom, home office)",7,Somewhat Agree,Disagree,Somewhat Agree,Somewhat Disagree,Somewhat Agree,Somewhat Disagree,Neutral,Disagree,Somewhat Agree,Somewhat Agree,Somewhat Agree,5,5,Đỗ Vĩnh Nhi,,,,,,,,,,,,,,,,,,,,,,,
15/05/2026 15:14:24,18,Male,CECS (Engineering & Computer Science),1st Year,3.5 – 4.0,No,8,8,"Private space (i.e. bedroom, home office)",12,Neutral,Neutral,Neutral,Neutral,Neutral,Somewhat Disagree,Agree,Somewhat Agree,Somewhat Disagree,Disagree,Agree,4,3,"Đặng Tuấn Kiệt, Lê Huy Tâm, Hỏa Thúy Quỳnh, Ong Quỳnh Trâm, Đỗ Vĩnh Nhi, Bùi Duy Linh, Lê Công Duy, Phan Minh Đức, Nguyễn Trọng Nhân, Nguyễn Hà My, Nguyễn Cảnh Kỳ",,,,,,,,,,,,,,,,,,,,,,,
15/05/2026 15:15:55,18,Female,Non-VinUnian,,,,,,,,,,,,,,,,,,,,,,Business / Economics,,1st Year,3.0 – 3.49,Yes,4,4,Cafes,8,Strongly Agree,Strongly Agree,Neutral,Strongly Agree,Disagree,Neutral,Somewhat Disagree,Neutral,Somewhat Agree,Somewhat Agree,Disagree,5,6,Nguyễn Hà My
15/05/2026 15:16:18,18,Male,CECS (Engineering & Computer Science),1st Year,2.0 – 2.49,Yes,20,17,"Private space (i.e. bedroom, home office)",20,Strongly Disagree,Disagree,Somewhat Disagree,Disagree,Neutral,Somewhat Disagree,Neutral,Neutral,Neutral,Neutral,Neutral,4,2,Hỏa Thúy Quỳnh,,,,,,,,,,,,,,,,,,,,,,,
15/05/2026 15:20:03,19,Female,Non-VinUnian,,,,,,,,,,,,,,,,,,,,,,Business / Economics,,3rd Year,3.5 – 4.0,No,8,3,"Private space (i.e. bedroom, home office)",11,Somewhat Agree,Agree,Somewhat Agree,Agree,Neutral,Somewhat Disagree,Somewhat Disagree,Somewhat Agree,Neutral,Neutral,Somewhat Disagree,4,4,Ong Quỳnh Trâm
15/05/2026 15:35:14,18,Male,CBM (Business and Management),1st Year,3.0 – 3.49,No,7,5,"Private space (i.e. bedroom, home office)",6,Strongly Agree,Strongly Agree,Neutral,Somewhat Disagree,Agree,Somewhat Disagree,Somewhat Agree,Agree,Disagree,Neutral,Agree,5,7,Đặng Tuấn Kiệt,,,,,,,,,,,,,,,,,,,,,,,
15/05/2026 15:37:29,19,Male,CECS (Engineering & Computer Science),1st Year,3.0 – 3.49,No,3,8,"Private space (i.e. bedroom, home office)",8,Somewhat Disagree,Disagree,Disagree,Disagree,Disagree,Disagree,Disagree,Disagree,Disagree,Somewhat Disagree,Somewhat Disagree,4,4,Đặng Tuấn Kiệt,,,,,,,,,,,,,,,,,,,,,,,
15/05/2026 16:28:17,19,Female,Non-VinUnian,,,,,,,,,,,,,,,,,,,,,,Journalism,,1st Year,3.5 – 4.0,Yes,2,4,"Private space (i.e. bedroom, home office)",8,Strongly Agree,Somewhat Agree,Agree,Strongly Agree,Neutral,Somewhat Disagree,Agree,Neutral,Somewhat Agree,Agree,Somewhat Disagree,5,5,Ong Quỳnh Trâm
15/05/2026 16:34:59,18,Female,CHS (Health Science),1st Year,3.0 – 3.49,No,4,3,Open learning space (i.e. university library),7,Somewhat Agree,Somewhat Agree,Somewhat Disagree,Somewhat Disagree,Neutral,Somewhat Disagree,Agree,Agree,Somewhat Agree,Somewhat Agree,Agree,4,4,Đặng Tuấn Kiệt,,,,,,,,,,,,,,,,,,,,,,,
15/05/2026 18:09:31,19,Male,CBM (Business and Management),1st Year,< 2.0,No,2,3,Collaborative space (i.e. group study room),8,Neutral,Neutral,Neutral,Neutral,Neutral,Neutral,Neutral,Neutral,Neutral,Neutral,Neutral,4,1,Đặng Tuấn Kiệt,,,,,,,,,,,,,,,,,,,,,,,
15/05/2026 20:59:02,18,Female,CBM (Business and Management),1st Year,3.0 – 3.49,Yes,2.5,7,"all places above, and all places possible like pantry rooms, JA102, etc",6,Strongly Agree,Somewhat Agree,Strongly Agree,Agree,Disagree,Somewhat Disagree,Strongly Disagree,Strongly Disagree,Neutral,Strongly Agree,Disagree,5,7,Hỏa Thúy Quỳnh,,,,,,,,,,,,,,,,,,,,,,,
15/05/2026 21:12:20,18,Female,CHS (Health Science),1st Year,3.0 – 3.49,No,7,5,"Private space (i.e. bedroom, home office)",7,Agree,Agree,Agree,Agree,Agree,Agree,Agree,Agree,Agree,Agree,Agree,5,5,"Hỏa Thúy Quỳnh, Ong Quỳnh Trâm",,,,,,,,,,,,,,,,,,,,,,,
15/05/2026 21:12:27,18,Male,CAS (Arts and Sciences),1st Year,3.5 – 4.0,No,15,20,"Private space (i.e. bedroom, home office)",8,Strongly Agree,Somewhat Agree,Neutral,Agree,Somewhat Disagree,Somewhat Disagree,Somewhat Agree,Agree,Somewhat Agree,Strongly Agree,Neutral,6,5,Hỏa Thúy Quỳnh,,,,,,,,,,,,,,,,,,,,,,,
15/05/2026 21:38:51,18,Female,Non-VinUnian,,,,,,,,,,,,,,,,,,,,,,Healthcare,,1st Year,3.5 – 4.0,No,5,4,Open learning space (i.e. university library),9,Agree,Disagree,Neutral,Strongly Agree,Somewhat Disagree,Somewhat Disagree,Strongly Disagree,Neutral,Strongly Agree,Strongly Agree,Disagree,2,2,"Lê Huy Tâm, Phan Minh Đức"
15/05/2026 22:09:05,19,Male,Non-VinUnian,,,,,,,,,,,,,,,,,,,,,,Engineering / Fundamental Science,,1st Year,3.5 – 4.0,No,5,4,Open learning space (i.e. university library),8,Agree,Strongly Agree,Somewhat Agree,Disagree,Agree,Somewhat Disagree,Agree,Agree,Neutral,Somewhat Agree,Somewhat Agree,3,6,Lê Huy Tâm
16/05/2026 0:51:48,20,Male,CHS (Health Science),1st Year,3.5 – 4.0,Yes,4,8,"Private space (i.e. bedroom, home office)",5,Strongly Agree,Agree,Agree,Strongly Agree,Strongly Agree,Somewhat Disagree,Strongly Agree,Agree,Somewhat Agree,Agree,Agree,5,6,Lê Huy Tâm,,,,,,,,,,,,,,,,,,,,,,,
16/05/2026 0:53:10,18,Female,CBM (Business and Management),1st Year,3.0 – 3.49,Yes,6,5,Collaborative space (i.e. group study room),6,Strongly Agree,Strongly Agree,Somewhat Agree,Somewhat Disagree,Somewhat Agree,Somewhat Disagree,Agree,Neutral,Disagree,Agree,Strongly Agree,4,7,Hỏa Thúy Quỳnh,,,,,,,,,,,,,,,,,,,,,,,
16/05/2026 15:55:40,18,Female,CBM (Business and Management),1st Year,3.5 – 4.0,No,6,8,Cafes,8,Strongly Agree,Disagree,Agree,Neutral,Somewhat Disagree,Somewhat Disagree,Somewhat Disagree,Disagree,Strongly Agree,Agree,Agree,5,3,Hỏa Thúy Quỳnh,,,,,,,,,,,,,,,,,,,,,,,
16/05/2026 16:43:56,18,Female,CAS (Arts and Sciences),1st Year,3.5 – 4.0,Yes,4,2,"Private space (i.e. bedroom, home office)",7,Strongly Agree,Strongly Agree,Agree,Somewhat Agree,Agree,Agree,Somewhat Agree,Neutral,Somewhat Agree,Agree,Somewhat Agree,5,6,Ong Quỳnh Trâm,,,,,,,,,,,,,,,,,,,,,,,
16/05/2026 16:45:51,19,Female,CBM (Business and Management),1st Year,3.5 – 4.0,Yes,8,9,"Private space (i.e. bedroom, home office)",7,Somewhat Agree,Neutral,Somewhat Agree,Somewhat Disagree,Somewhat Disagree,Neutral,Somewhat Agree,Neutral,Somewhat Agree,Neutral,Somewhat Agree,6,4,Ong Quỳnh Trâm,,,,,,,,,,,,,,,,,,,,,,,
16/05/2026 16:45:59,19,Female,CBM (Business and Management),1st Year,3.0 – 3.49,Yes,7,3,Open learning space (i.e. university library),8,Strongly Agree,Somewhat Agree,Strongly Agree,Agree,Somewhat Disagree,Somewhat Disagree,Somewhat Agree,Agree,Somewhat Agree,Somewhat Agree,Somewhat Agree,5,4,Ong Quỳnh Trâm,,,,,,,,,,,,,,,,,,,,,,,
16/05/2026 16:52:16,19,Male,CBM (Business and Management),2nd Year,3.5 – 4.0,Yes,4,6,"Private space (i.e. bedroom, home office)",6,Somewhat Disagree,Somewhat Disagree,Disagree,Somewhat Disagree,Strongly Disagree,Strongly Disagree,Somewhat Disagree,Disagree,Somewhat Disagree,Strongly Disagree,Somewhat Disagree,5,3,Ong Quỳnh Trâm,,,,,,,,,,,,,,,,,,,,,,,
16/05/2026 17:58:56,18,Male,Non-VinUnian,,,,,,,,,,,,,,,,,,,,,,Engineering / Fundamental Science,,1st Year,2.5 – 2.99,Yes,8,4,"Private space (i.e. bedroom, home office)",6,Agree,Strongly Agree,Strongly Agree,Neutral,Somewhat Agree,Somewhat Agree,Somewhat Agree,Somewhat Agree,Somewhat Agree,Somewhat Agree,Somewhat Agree,4,7,Đặng Tuấn Kiệt
16/05/2026 18:06:11,20,Female,Non-VinUnian,,,,,,,,,,,,,,,,,,,,,,Social Sciences,,2nd Year,3.0 – 3.49,Yes,8,5,Cafes,4,Neutral,Strongly Agree,Somewhat Agree,Neutral,Disagree,Strongly Disagree,Neutral,Agree,Disagree,Somewhat Agree,Strongly Agree,5,6,Đặng Tuấn Kiệt
16/05/2026 18:12:34,19,Female,CAS (Arts and Sciences),1st Year,3.5 – 4.0,Yes,2,8,"Private space (i.e. bedroom, home office)",6,Agree,Somewhat Disagree,Somewhat Agree,Neutral,Disagree,Neutral,Somewhat Agree,Somewhat Agree,Neutral,Somewhat Agree,Neutral,5,4,Ong Quỳnh Trâm,,,,,,,,,,,,,,,,,,,,,,,
16/05/2026 18:17:31,19,Female,Non-VinUnian,,,,,,,,,,,,,,,,,,,,,,Social Sciences,,2nd Year,3.0 – 3.49,No,10,2,Open learning space (i.e. university library),7,Strongly Agree,Agree,Strongly Agree,Somewhat Agree,Agree,Somewhat Disagree,Strongly Agree,Somewhat Agree,Neutral,Agree,Agree,5,6,Đặng Tuấn Kiệt
16/05/2026 19:00:20,19,Female,CBM (Business and Management),1st Year,3.5 – 4.0,No,2,6,Open learning space (i.e. university library),7,Strongly Disagree,Strongly Disagree,Somewhat Disagree,Disagree,Somewhat Agree,Somewhat Disagree,Strongly Disagree,Strongly Disagree,Strongly Agree,Agree,Strongly Disagree,5,7,Ong Quỳnh Trâm,,,,,,,,,,,,,,,,,,,,,,,
16/05/2026 19:41:15,18,Male,Non-VinUnian,,,,,,,,,,,,,,,,,,,,,,Engineering / Fundamental Science,,1st Year,3.5 – 4.0,No,2.5,4,"Private space (i.e. bedroom, home office)",5.5,Strongly Agree,Somewhat Agree,Neutral,Somewhat Agree,Strongly Disagree,Somewhat Disagree,Neutral,Neutral,Somewhat Agree,Agree,Agree,5,5,Đặng Tuấn Kiệt
16/05/2026 21:44:24,18,Male,CHS (Health Science),1st Year,3.5 – 4.0,No,6,4,"Private space (i.e. bedroom, home office)",8,Agree,Somewhat Agree,Neutral,Neutral,Neutral,Somewhat Disagree,Somewhat Agree,Somewhat Agree,Somewhat Disagree,Somewhat Agree,Agree,5,5,Nguyễn Trọng Nhân,,,,,,,,,,,,,,,,,,,,,,,
16/05/2026 21:55:05,22,Male,Non-VinUnian,,,,,,,,,,,,,,,,,,,,,,Engineering / Fundamental Science,,4th Year,3.0 – 3.49,Yes,3,4,"Private space (i.e. bedroom, home office)",8,Agree,Agree,Strongly Disagree,Agree,Strongly Disagree,Somewhat Disagree,Somewhat Agree,Somewhat Agree,Neutral,Neutral,Somewhat Disagree,6,5,Nguyễn Cảnh Kỳ
16/05/2026 22:00:35,20,Male,Non-VinUnian,,,,,,,,,,,,,,,,,,,,,,Psychology,,3rd Year,2.5 – 2.99,Yes,5,3,"Private space (i.e. bedroom, home office)",7,Agree,Strongly Agree,Strongly Disagree,Agree,Somewhat Agree,Somewhat Disagree,Disagree,Strongly Agree,Somewhat Agree,Strongly Disagree,Agree,2,2,Nguyễn Cảnh Kỳ
16/05/2026 22:03:44,19,Female,CBM (Business and Management),1st Year,3.0 – 3.49,No,2,3,"Private space (i.e. bedroom, home office)",8,Somewhat Disagree,Disagree,Strongly Disagree,Strongly Agree,Disagree,Somewhat Disagree,Somewhat Agree,Agree,Agree,Neutral,Somewhat Disagree,6,5,Ong Quỳnh Trâm,,,,,,,,,,,,,,,,,,,,,,,
16/05/2026 22:19:06,18,Female,CBM (Business and Management),1st Year,3.0 – 3.49,No,8,2,Cafes,5,Strongly Agree,Strongly Agree,Neutral,Disagree,Agree,Somewhat Disagree,Somewhat Agree,Agree,Somewhat Disagree,Strongly Agree,Agree,5,6,Hỏa Thúy Quỳnh,,,,,,,,,,,,,,,,,,,,,,,
16/05/2026 22:56:32,19,Female,Non-VinUnian,,,,,,,,,,,,,,,,,,,,,,Business / Economics,,1st Year,3.5 – 4.0,No,5,5,"Private space (i.e. bedroom, home office)",8,Strongly Agree,Neutral,Neutral,Somewhat Disagree,Disagree,Somewhat Disagree,Neutral,Somewhat Agree,Somewhat Agree,Somewhat Agree,Neutral,6,4,Hỏa Thúy Quỳnh
17/05/2026 0:01:50,19,Male,CHS (Health Science),2nd Year,3.5 – 4.0,No,2,10,Open learning space (i.e. university library),6,Strongly Agree,Somewhat Agree,Strongly Agree,Agree,Neutral,Somewhat Disagree,Somewhat Agree,Somewhat Disagree,Somewhat Agree,Agree,Somewhat Agree,6,5,Đặng Tuấn Kiệt,,,,,,,,,,,,,,,,,,,,,,,
17/05/2026 9:36:26,21,Male,Non-VinUnian,,,,,,,,,,,,,,,,,,,,,,Business / Economics,,3rd Year,3.0 – 3.49,Yes,2,4,"Private space (i.e. bedroom, home office)",8,Agree,Somewhat Disagree,Neutral,Agree,Somewhat Disagree,Somewhat Disagree,Somewhat Agree,Somewhat Agree,Agree,Somewhat Disagree,Somewhat Disagree,6,3,Nguyễn Cảnh Kỳ
17/05/2026 10:50:46,18,Female,CECS (Engineering & Computer Science),1st Year,3.0 – 3.49,No,4,2,"Private space (i.e. bedroom, home office)",6,Somewhat Agree,Somewhat Agree,Neutral,Somewhat Agree,Somewhat Disagree,Somewhat Disagree,Somewhat Agree,Somewhat Agree,Somewhat Agree,Neutral,Somewhat Agree,4,5,"Lê Công Duy, Nguyễn Hà My",,,,,,,,,,,,,,,,,,,,,,,
17/05/2026 11:27:00,19,Male,CECS (Engineering & Computer Science),1st Year,3.5 – 4.0,Yes,2,5,Collaborative space (i.e. group study room),4,Agree,Somewhat Disagree,Strongly Agree,Strongly Agree,Neutral,Somewhat Disagree,Disagree,Disagree,Agree,Agree,Disagree,6,5,"Hỏa Thúy Quỳnh, Đỗ Vĩnh Nhi",,,,,,,,,,,,,,,,,,,,,,,
17/05/2026 11:37:08,19,Female,Non-VinUnian,,,,,,,,,,,,,,,,,,,,,,Business / Economics,,1st Year,3.5 – 4.0,Yes,5,2,"Private space (i.e. bedroom, home office)",7,Agree,Somewhat Agree,Strongly Agree,Strongly Agree,Strongly Disagree,Somewhat Disagree,Neutral,Strongly Agree,Somewhat Agree,Strongly Agree,Somewhat Disagree,6,3,Phan Minh Đức
17/05/2026 12:00:58,18,Female,CBM (Business and Management),1st Year,3.0 – 3.49,No,3,8,Cafes,6,Neutral,Somewhat Agree,Somewhat Disagree,Somewhat Agree,Somewhat Disagree,Somewhat Disagree,Somewhat Disagree,Neutral,Somewhat Agree,Somewhat Agree,Neutral,5,5,Đỗ Vĩnh Nhi,,,,,,,,,,,,,,,,,,,,,,,
17/05/2026 12:02:40,21,Prefer not to say,Non-VinUnian,,,,,,,,,,,,,,,,,,,,,,Business / Economics,,4th Year,3.0 – 3.49,Yes,1,10,Open learning space (i.e. university library),4,Somewhat Disagree,Neutral,Somewhat Disagree,Somewhat Agree,Somewhat Agree,Somewhat Disagree,Neutral,Neutral,Somewhat Agree,Somewhat Disagree,Neutral,4,5,Đỗ Vĩnh Nhi
17/05/2026 12:03:48,18,Other,Non-VinUnian,,,,,,,,,,,,,,,,,,,,,,Engineering / Fundamental Science,,1st Year,3.0 – 3.49,No,2,7,Open learning space (i.e. university library),5,Somewhat Disagree,Neutral,Somewhat Agree,Somewhat Agree,Neutral,Somewhat Disagree,Somewhat Disagree,Neutral,Somewhat Agree,Neutral,Somewhat Disagree,4,3,Đỗ Vĩnh Nhi
17/05/2026 12:24:30,22,Female,CBM (Business and Management),2nd Year,3.5 – 4.0,No,3,9,Open learning space (i.e. university library),7,Agree,Somewhat Disagree,Agree,Agree,Strongly Disagree,Somewhat Disagree,Disagree,Disagree,Agree,Agree,Neutral,5,6,idk,,,,,,,,,,,,,,,,,,,,,,,
17/05/2026 13:28:42,19,Male,Non-VinUnian,,,,,,,,,,,,,,,,,,,,,,Aerospace Engineering ,,1st Year,2.5 – 2.99,No,7,2,Cafes,6,Agree,Strongly Agree,Agree,Agree,Agree,Somewhat Disagree,Agree,Agree,Disagree,Agree,Agree,5,3,Phan Minh Đức
17/05/2026 16:07:05,18,Female,CBM (Business and Management),1st Year,3.0 – 3.49,Yes,3,4,"Private space (i.e. bedroom, home office)",6,Strongly Agree,Strongly Agree,Somewhat Agree,Agree,Somewhat Disagree,Somewhat Disagree,Neutral,Agree,Somewhat Agree,Strongly Disagree,Neutral,5,5,Ong Quỳnh Trâm,,,,,,,,,,,,,,,,,,,,,,,
17/05/2026 17:07:04,18,Female,CBM (Business and Management),1st Year,3.0 – 3.49,Yes,3,5,Open learning space (i.e. university library),5,Strongly Agree,Strongly Agree,Somewhat Agree,Agree,Disagree,Somewhat Disagree,Somewhat Agree,Agree,Neutral,Somewhat Disagree,Agree,5,3,Đặng Tuấn Kiệt,,,,,,,,,,,,,,,,,,,,,,,
17/05/2026 17:17:59,19,Male,Non-VinUnian,,,,,,,,,,,,,,,,,,,,,,Pilot,,1st Year,3.0 – 3.49,No,4,4,"Private space (i.e. bedroom, home office)",8,Neutral,Neutral,Neutral,Neutral,Neutral,Neutral,Neutral,Neutral,Neutral,Neutral,Neutral,5,4,"Lê Huy Tâm, Phan Minh Đức"
17/05/2026 17:27:01,18,Male,Non-VinUnian,,,,,,,,,,,,,,,,,,,,,,Engineering / Fundamental Science,,1st Year,3.0 – 3.49,Yes,2,2,Open learning space (i.e. university library),8,Agree,Somewhat Agree,Agree,Agree,Neutral,Somewhat Disagree,Disagree,Neutral,Neutral,Somewhat Agree,Somewhat Agree,6,5,Phan Minh Đức
17/05/2026 18:43:54,20,Male,CHS (Health Science),1st Year,3.0 – 3.49,No,3,7,Open learning space (i.e. university library),5,Disagree,Somewhat Disagree,Neutral,Neutral,Somewhat Disagree,Somewhat Disagree,Disagree,Somewhat Disagree,Somewhat Disagree,Somewhat Disagree,Somewhat Disagree,4,3,Đỗ Vĩnh Nhi,,,,,,,,,,,,,,,,,,,,,,,
17/05/2026 18:46:31,20,Prefer not to say,Non-VinUnian,,,,,,,,,,,,,,,,,,,,,,Business / Economics,,3rd Year,3.0 – 3.49,Yes,4,12,Cafes,3,Neutral,Agree,Neutral,Somewhat Agree,Somewhat Agree,Somewhat Disagree,Neutral,Neutral,Somewhat Disagree,Somewhat Disagree,Somewhat Disagree,5,6,Đỗ Vĩnh Nhi
17/05/2026 18:47:39,18,Other,CAS (Arts and Sciences),1st Year,3.0 – 3.49,No,5,9,Cafes,5,Somewhat Agree,Somewhat Agree,Somewhat Agree,Somewhat Agree,Agree,Somewhat Disagree,Somewhat Agree,Neutral,Somewhat Agree,Agree,Agree,5,3,Đỗ Vĩnh Nhi,,,,,,,,,,,,,,,,,,,,,,,
17/05/2026 19:20:38,19,Female,Non-VinUnian,,,,,,,,,,,,,,,,,,,,,,Business / Economics,,1st Year,3.5 – 4.0,Yes,3,3,Open learning space (i.e. university library),7,Strongly Agree,Neutral,Agree,Strongly Agree,Strongly Disagree,Neutral,Strongly Disagree,Disagree,Somewhat Agree,Agree,Strongly Disagree,5,1,Ong Quỳnh Trâm
17/05/2026 19:21:02,18,Male,Non-VinUnian,,,,,,,,,,,,,,,,,,,,,,Engineering / Fundamental Science,,1st Year,3.5 – 4.0,No,5,6,"Private space (i.e. bedroom, home office)",7,Agree,Agree,Disagree,Disagree,Somewhat Disagree,Neutral,Neutral,Somewhat Disagree,Somewhat Agree,Somewhat Agree,Somewhat Agree,4,5,Ong Quỳnh Trâm
17/05/2026 19:32:54,18,Male,Non-VinUnian,,,,,,,,,,,,,,,,,,,,,,Business / Economics,,1st Year,3.0 – 3.49,No,3,4,"Private space (i.e. bedroom, home office)",6,Neutral,Somewhat Agree,Agree,Agree,Somewhat Disagree,Somewhat Agree,Somewhat Agree,Somewhat Agree,Agree,Somewhat Agree,Agree,5,6,Ong Quỳnh Trâm
17/05/2026 20:41:09,19,Male,Non-VinUnian,,,,,,,,,,,,,,,,,,,,,,Business / Economics,,1st Year,3.5 – 4.0,No,5,10,"Private space (i.e. bedroom, home office)",7,Strongly Agree,Agree,Strongly Agree,Strongly Agree,Somewhat Disagree,Somewhat Disagree,Somewhat Disagree,Neutral,Neutral,Neutral,Neutral,4,4,Ong Quỳnh Trâm
17/05/2026 23:10:41,18,Female,CBM (Business and Management),1st Year,3.0 – 3.49,No,3,7,Cafes,5,Disagree,Disagree,Neutral,Neutral,Agree,Somewhat Disagree,Agree,Somewhat Agree,Somewhat Agree,Agree,Somewhat Agree,3,5,Đỗ Vĩnh Nhi,,,,,,,,,,,,,,,,,,,,,,,
17/05/2026 23:12:03,20,Prefer not to say,Non-VinUnian,,,,,,,,,,,,,,,,,,,,,,Business / Economics,,3rd Year,3.5 – 4.0,Yes,1,8,Cafes,6,Agree,Agree,Strongly Agree,Somewhat Agree,Agree,Somewhat Disagree,Disagree,Somewhat Disagree,Somewhat Disagree,Agree,Strongly Disagree,4,5,Đỗ Vĩnh Nhi